lat,lng,severity,year
43.648903,-79.405995,2,2021
43.658171,-79.37239,2,2021
43.671457,-79.376517,2,2021
43.668197,-79.388869,2,2021
43.654319,-79.383204,2,2021
43.652265,-79.395719,2,2021
43.667676,-79.367323,2,2021
43.66584,-79.384954,2,2021
43.681052,-79.41748,2,2021
43.655896,-79.371444,2,2021
43.653089,-79.402909,2,2021
43.671889,-79.371458,2,2021
43.668349,-79.382056,2,2021
43.66319,-79.373062,2,2021
43.644776,-79.385021,2,2021
43.665057,-79.368299,2,2021
43.654952,-79.415609,2,2021
43.648326,-79.398419,2,2021
43.637905,-79.39606,2,2021
43.666285,-79.378347,2,2021
43.654078,-79.362739,2,2021
43.640992,-79.417244,2,2021
43.642113,-79.341221,2,2021
43.648992,-79.355931,2,2021
43.657097,-79.35776,2,2021
43.640415,-79.388923,2,2021
43.662778,-79.42206,2,2021
43.654122,-79.42396,2,2021
43.656102,-79.399316,2,2021
43.653425,-79.427241,2,2021
43.655909,-79.380087,2,2021
43.667391,-79.365201,2,2021
43.644726,-79.416303,2,2021
43.64397,-79.388718,2,2021
43.65715,-79.38512,2,2021
43.6587,-79.395903,2,2021
43.657383,-79.4032,2,2021
43.648669,-79.367128,2,2021
43.643341,-79.412454,2,2021
43.645205,-79.413977,2,2021
43.660713,-79.372034,2,2021
43.668894,-79.379452,2,2021
43.666285,-79.378347,2,2021
43.62661,-79.359126,2,2021
43.666512,-79.371742,2,2021
43.648068,-79.399677,2,2021
43.647613,-79.402002,2,2021
43.656092,-79.402685,2,2021
43.635338,-79.418657,2,2021
43.663707,-79.359245,2,2021
43.683932,-79.356949,2,2021
43.66584,-79.384954,2,2021
43.667439,-79.347373,2,2021
43.65297,-79.382641,2,2021
43.655768,-79.394663,2,2021
43.652029,-79.402266,2,2021
43.65226,-79.397792,2,2021
43.637594,-79.424139,2,2021
43.683951,-79.423897,2,2021
43.660288,-79.343591,2,2021
43.637594,-79.424139,2,2021
43.644443,-79.39314,2,2021
43.684455,-79.421442,2,2021
43.667295,-79.373778,2,2021
43.637441,-79.402682,2,2021
43.673273,-79.400732,2,2021
43.654078,-79.362739,2,2021
43.664743,-79.385453,2,2021
43.644423,-79.394625,2,2021
43.667996,-79.385856,2,2021
43.665723,-79.380959,2,2021
43.654319,-79.383204,2,2021
43.661522,-79.344087,2,2021
43.647637,-79.371503,2,2021
43.649825,-79.418288,2,2021
43.659225,-79.381458,2,2021
43.680177,-79.374153,2,2021
43.648903,-79.405995,2,2021
43.675358,-79.404789,2,2021
43.675496,-79.428432,2,2021
43.668894,-79.379452,2,2021
43.662416,-79.358688,2,2021
43.656501,-79.377148,2,2021
43.65297,-79.382641,2,2021
43.65226,-79.397792,2,2021
43.652412,-79.390667,2,2021
43.660439,-79.3759,2,2021
43.651498,-79.390288,2,2021
43.651761,-79.382425,2,2021
43.657062,-79.364475,2,2021
43.640502,-79.383284,2,2021
43.672037,-79.383579,2,2021
43.661436,-79.428205,2,2021
43.65244,-79.379259,2,2021
43.637654,-79.391889,2,2021
43.687619,-79.423659,2,2021
43.654063,-79.379974,2,2021
43.644847,-79.362031,2,2021
43.663537,-79.366068,2,2021
43.668349,-79.382056,2,2021
43.653606,-79.403108,2,2021
43.656306,-79.398343,2,2021
43.64042,-79.428834,2,2021
43.671611,-79.380566,2,2021
43.666064,-79.385052,2,2021
43.677417,-79.408131,2,2021
43.656821,-79.375666,2,2021
43.654078,-79.362739,2,2021
43.639175,-79.411424,2,2021
43.67315,-79.414391,2,2021
43.654503,-79.390379,2,2021
43.648903,-79.405995,2,2021
43.652124,-79.364413,2,2021
43.674369,-79.36737,2,2021
43.686936,-79.399869,2,2021
43.653958,-79.372078,2,2021
43.64609,-79.419527,2,2021
43.640303,-79.398375,2,2021
43.667832,-79.398365,2,2021
43.668389,-79.402021,2,2021
43.661153,-79.340924,2,2021
43.655774,-79.380675,2,2021
43.660681,-79.374735,2,2021
43.669147,-79.378119,2,2021
43.648992,-79.355931,2,2021
43.648026,-79.404328,2,2021
43.67201,-79.370697,2,2021
43.644062,-79.37577,2,2021
43.638454,-79.392226,2,2021
43.653804,-79.411953,2,2021
43.663473,-79.41887,2,2021
43.671915,-79.379068,2,2021
43.649815,-79.400371,2,2021
43.658295,-79.371032,2,2021
43.661566,-79.368345,2,2021
43.652916,-79.429677,2,2021
43.645749,-79.41126,2,2021
43.670793,-79.376247,2,2021
43.652412,-79.390667,2,2021
43.65958,-79.367538,2,2021
43.674882,-79.388697,2,2021
43.651806,-79.375204,2,2021
43.642208,-79.428644,2,2021
43.647357,-79.411386,2,2021
43.65011,-79.363544,2,2021
43.635237,-79.399203,2,2021
43.681226,-79.361576,2,2021
43.672993,-79.40214,2,2021
43.666285,-79.378347,2,2021
43.686835,-79.354454,2,2021
43.655466,-79.388599,2,2021
43.655466,-79.388599,2,2021
43.671266,-79.354529,2,2021
43.676962,-79.389532,2,2021
43.633401,-79.399528,2,2021
43.637464,-79.397227,2,2021
43.67016,-79.382811,2,2021
43.650005,-79.362061,2,2021
43.641153,-79.376841,2,2021
43.648087,-79.408323,2,2021
43.646192,-79.423473,2,2021
43.671889,-79.371458,2,2021
43.666151,-79.349458,2,2021
43.648903,-79.405995,2,2021
43.663052,-79.402109,2,2021
43.67113,-79.34686,2,2021
43.67201,-79.370697,2,2021
43.673775,-79.368204,2,2021
43.646683,-79.406576,2,2021
43.673236,-79.356099,2,2021
43.645963,-79.413432,2,2021
43.663025,-79.420915,2,2021
43.675589,-79.388987,2,2021
43.671924,-79.387503,2,2021
43.672466,-79.375893,2,2021
43.672466,-79.375893,2,2021
43.642739,-79.393929,2,2021
43.660111,-79.366287,2,2021
43.655909,-79.380087,2,2021
43.639977,-79.422281,2,2021
43.655285,-79.396969,2,2021
43.66434,-79.414859,2,2021
43.654565,-79.377626,2,2021
43.667562,-79.385692,2,2021
43.664368,-79.387183,2,2021
43.645205,-79.413977,2,2021
43.66779,-79.386757,2,2021
43.653882,-79.401777,2,2021
43.657067,-79.374567,2,2021
43.636035,-79.40209,2,2021
43.673374,-79.356228,2,2021
43.649131,-79.372193,2,2021
43.67201,-79.370697,2,2021
43.671355,-79.372321,2,2021
43.662078,-79.353086,2,2021
43.639022,-79.415917,2,2021
43.647857,-79.390293,2,2021
43.671915,-79.379068,2,2021
43.648903,-79.405995,2,2021
43.655854,-79.361325,2,2021
43.654411,-79.360349,2,2021
43.655896,-79.371444,2,2021
43.670804,-79.38421,2,2021
43.659607,-79.365241,2,2021
43.667729,-79.414173,2,2021
43.654456,-79.37815,2,2021
43.661737,-79.426858,2,2021
43.661737,-79.426858,2,2021
43.646305,-79.36606,2,2021
43.648411,-79.402364,2,2021
43.639964,-79.3802,2,2021
43.666285,-79.378347,2,2021
43.656163,-79.370123,2,2021
43.639022,-79.415917,2,2021
43.650407,-79.37847,2,2021
43.628398,-79.360648,2,2021
43.66872,-79.394141,2,2021
43.672466,-79.375893,2,2021
43.670198,-79.360152,2,2021
43.646299,-79.350233,2,2021
43.648869,-79.385556,2,2021
43.667295,-79.373778,2,2021
43.661564,-79.386099,2,2021
43.686312,-79.403152,2,2021
43.66277,-79.427255,2,2021
43.656163,-79.370123,2,2021
43.665585,-79.416592,2,2021
43.655909,-79.380087,2,2021
43.658821,-79.413969,2,2021
43.688083,-79.394142,2,2021
43.664607,-79.424155,2,2021
43.666285,-79.378347,2,2021
43.642913,-79.381476,2,2021
43.663904,-79.384158,2,2021
43.682928,-79.419545,2,2021
43.654316,-79.396566,2,2021
43.649825,-79.418288,2,2021
43.651379,-79.406997,2,2021
43.632681,-79.422171,2,2021
43.657603,-79.362026,2,2021
43.641461,-79.380869,2,2021
43.640869,-79.38064,2,2021
43.651021,-79.401874,2,2021
43.670753,-79.393081,2,2021
43.661292,-79.369549,2,2021
43.653309,-79.375162,2,2021
43.648191,-79.354799,2,2021
43.666657,-79.403871,2,2021
43.677417,-79.408131,2,2021
43.664593,-79.429334,2,2021
43.654196,-79.379359,2,2021
43.646472,-79.403761,2,2021
43.645987,-79.379135,2,2021
43.652818,-79.371605,2,2021
43.650327,-79.391278,2,2021
43.678485,-79.410262,2,2021
43.677521,-79.358652,2,2021
43.674335,-79.377573,2,2021
43.664647,-79.380521,2,2021
43.640563,-79.393005,2,2021
43.654622,-79.353746,2,2021
43.660681,-79.374735,2,2021
43.656749,-79.399591,2,2021
43.660654,-79.374851,2,2021
43.674798,-79.35758,2,2021
43.658295,-79.371032,2,2021
43.664115,-79.405447,2,2021
43.645701,-79.411489,2,2021
43.639977,-79.422281,2,2021
43.666289,-79.369585,2,2021
43.647257,-79.373313,2,2021
43.646927,-79.419839,2,2021
43.67267,-79.403698,2,2021
43.656368,-79.367597,2,2021
43.668894,-79.379452,2,2021
43.639977,-79.422281,2,2021
43.668349,-79.382056,2,2021
43.655854,-79.361325,2,2021
43.640856,-79.387623,2,2021
43.656163,-79.370123,2,2021
43.654622,-79.353746,2,2021
43.642208,-79.428644,2,2021
43.6536,-79.426404,2,2021
43.648886,-79.420604,2,2021
43.655466,-79.388599,2,2021
43.658077,-79.362972,2,2021
43.645763,-79.39364,2,2021
43.658511,-79.384894,2,2021
43.642391,-79.384009,2,2021
43.645545,-79.369824,2,2021
43.671273,-79.376449,2,2021
43.669707,-79.353216,2,2021
43.67244,-79.386161,2,2021
43.660001,-79.356487,2,2021
43.649225,-79.364643,2,2021
43.674798,-79.35758,2,2021
43.657416,-79.38137,2,2021
43.671328,-79.37373,2,2021
43.655213,-79.413878,2,2021
43.664647,-79.380521,2,2021
43.653498,-79.361875,2,2021
43.636672,-79.403696,2,2021
43.662621,-79.368027,2,2021
43.649457,-79.389181,2,2021
43.65715,-79.38512,2,2021
43.653169,-79.375774,2,2021
43.67211,-79.419108,2,2021
43.647507,-79.372821,2,2021
43.657308,-79.384416,2,2021
43.651792,-79.393031,2,2021
43.635237,-79.399203,2,2021
43.649502,-79.426796,2,2021
43.637594,-79.424139,2,2021
43.667559,-79.367835,2,2021
43.684455,-79.421442,2,2021
43.672466,-79.375893,2,2021
43.659753,-79.366774,2,2021
43.651547,-79.400987,2,2021
43.6536,-79.426404,2,2021
43.650474,-79.374633,2,2021
43.672429,-79.379568,2,2021
43.672429,-79.379568,2,2021
43.636237,-79.409826,2,2021
43.649351,-79.393702,2,2021
43.653108,-79.387582,2,2021
43.63865,-79.417111,2,2021
43.639022,-79.392435,2,2021
43.669147,-79.378119,2,2021
43.656833,-79.358924,2,2021
43.656944,-79.365002,2,2021
43.632681,-79.422171,2,2021
43.653606,-79.403108,2,2021
43.6536,-79.426404,2,2021
43.671695,-79.408332,2,2021
43.647184,-79.415939,2,2021
43.658295,-79.371032,2,2021
43.671915,-79.379068,2,2021
43.658295,-79.371032,2,2021
43.677521,-79.358652,2,2021
43.675904,-79.360448,2,2021
43.664088,-79.415992,2,2021
43.670936,-79.378875,2,2021
43.67201,-79.370697,2,2021
43.634893,-79.425805,2,2021
43.643092,-79.35062,2,2021
43.656035,-79.379475,2,2021
43.655909,-79.380087,2,2021
43.654826,-79.363038,2,2021
43.665318,-79.349114,2,2021
43.662474,-79.368701,2,2021
43.641593,-79.38368,2,2021
43.649131,-79.390796,2,2021
43.654959,-79.403682,2,2021
43.64945,-79.371465,2,2021
43.651379,-79.406997,2,2021
43.642113,-79.341221,2,2021
43.632013,-79.419522,2,2021
43.639022,-79.392435,2,2021
43.653882,-79.401777,2,2021
43.675904,-79.360448,2,2021
43.639029,-79.385463,2,2021
43.649351,-79.393702,2,2021
43.656092,-79.402685,2,2021
43.658171,-79.37239,2,2021
43.668746,-79.375393,2,2021
43.654463,-79.366964,2,2021
43.670226,-79.386788,2,2021
43.648992,-79.355931,2,2021
43.641644,-79.391904,2,2021
43.665216,-79.377896,2,2021
43.670198,-79.360152,2,2021
43.665259,-79.364479,2,2021
43.668175,-79.369562,2,2021
43.663473,-79.41887,2,2021
43.648068,-79.399677,2,2021
43.648669,-79.367128,2,2021
43.654078,-79.362739,2,2021
43.654204,-79.363872,2,2021
43.65632,-79.368621,2,2021
43.640502,-79.383284,2,2021
43.656158,-79.390462,2,2021
43.666703,-79.381363,2,2021
43.66872,-79.394141,2,2021
43.652609,-79.394107,2,2021
43.657669,-79.354717,2,2021
43.650566,-79.381071,2,2021
43.684391,-79.412301,2,2021
43.681008,-79.357731,2,2021
43.677437,-79.35669,2,2021
43.67435,-79.383395,2,2021
43.672429,-79.379568,2,2021
43.657308,-79.384416,2,2021
43.653089,-79.402909,2,2021
43.653111,-79.402688,2,2021
43.641597,-79.407348,2,2021
43.654479,-79.364371,2,2021
43.656163,-79.370123,2,2021
43.655716,-79.383766,2,2021
43.680894,-79.403053,2,2021
43.666703,-79.381363,2,2021
43.653606,-79.403108,2,2021
43.665723,-79.380959,2,2021
43.653108,-79.387582,2,2021
43.656306,-79.398343,2,2021
43.672466,-79.375893,2,2021
43.670936,-79.378875,2,2021
43.655831,-79.404015,2,2021
43.665216,-79.377896,2,2021
43.655774,-79.380675,2,2021
43.674185,-79.423628,2,2021
43.663599,-79.377214,2,2021
43.683168,-79.418301,2,2021
43.658295,-79.371032,2,2021
43.670258,-79.370407,2,2021
43.664088,-79.415992,2,2021
43.645292,-79.382471,2,2021
43.65117,-79.381334,2,2021
43.646973,-79.401128,2,2021
43.659344,-79.351232,2,2021
43.657434,-79.343364,2,2021
43.675234,-79.351907,2,2021
43.657954,-79.379019,2,2021
43.657711,-79.359295,2,2021
43.663473,-79.41887,2,2021
43.684425,-79.346925,2,2021
43.663707,-79.359245,2,2021
43.664286,-79.367982,2,2021
43.647888,-79.400597,2,2021
43.671622,-79.421544,2,2021
43.648886,-79.420604,2,2021
43.666159,-79.34217,2,2021
43.671355,-79.372321,2,2021
43.667909,-79.370914,2,2021
43.661,-79.37739,2,2021
43.64448,-79.417482,2,2021
43.635675,-79.398366,2,2021
43.640836,-79.425284,2,2021
43.667265,-79.393526,2,2021
43.661151,-79.429438,2,2021
43.653606,-79.403108,2,2021
43.638454,-79.392226,2,2021
43.640856,-79.387623,2,2021
43.641153,-79.376841,2,2021
43.650902,-79.397239,2,2021
43.651379,-79.406997,2,2021
43.635981,-79.428129,2,2021
43.665723,-79.380959,2,2021
43.661302,-79.401411,2,2021
43.676647,-79.340004,2,2021
43.667729,-79.414173,2,2021
43.651456,-79.425559,2,2021
43.662669,-79.41025,2,2021
43.644636,-79.429519,2,2021
43.653377,-79.386446,2,2021
43.635981,-79.428129,2,2021
43.671266,-79.354529,2,2021
43.685776,-79.347439,2,2021
43.667996,-79.385856,2,2021
43.651379,-79.406997,2,2021
43.663106,-79.378346,2,2021
43.649819,-79.370316,2,2021
43.670198,-79.360152,2,2021
43.642391,-79.384009,2,2021
43.662609,-79.385729,2,2021
43.656444,-79.426214,2,2021
43.666151,-79.349458,2,2021
43.664403,-79.381636,2,2021
43.670226,-79.386788,2,2021
43.656163,-79.370123,2,2021
43.678013,-79.349623,2,2021
43.65117,-79.381334,2,2021
43.652704,-79.372832,2,2021
43.651379,-79.406997,2,2021
43.667295,-79.373778,2,2021
43.653089,-79.402909,2,2021
43.663206,-79.367544,2,2021
43.660791,-79.356818,2,2021
43.644776,-79.385021,2,2021
43.645775,-79.368607,2,2021
43.658075,-79.384713,2,2021
43.647351,-79.422471,2,2021
43.667996,-79.385856,2,2021
43.667996,-79.385856,2,2021
43.672466,-79.375893,2,2021
43.668349,-79.382056,2,2021
43.671915,-79.379068,2,2021
43.6505,-79.414948,2,2021
43.648927,-79.365967,2,2021
43.659225,-79.381458,2,2021
43.654952,-79.415609,2,2021
43.675878,-79.343611,2,2021
43.653108,-79.387582,2,2021
43.658946,-79.41335,2,2021
43.639473,-79.421013,2,2021
43.679791,-79.340609,2,2021
43.663904,-79.384158,2,2021
43.664403,-79.381636,2,2021
43.649483,-79.425824,2,2021
43.641912,-79.41271,2,2021
43.664575,-79.352242,2,2021
43.671915,-79.379068,2,2021
43.684455,-79.421442,2,2021
43.672466,-79.375893,2,2021
43.652412,-79.390667,2,2021
43.656749,-79.399591,2,2021
43.647187,-79.400123,2,2021
43.672969,-79.342393,2,2021
43.645963,-79.413432,2,2021
43.640415,-79.388923,2,2021
43.644454,-79.400097,2,2021
43.656146,-79.378878,2,2021
43.670198,-79.360152,2,2021
43.642974,-79.414304,2,2021
43.667464,-79.404186,2,2021
43.64291,-79.407719,2,2021
43.654525,-79.36946,2,2021
43.655896,-79.371444,2,2021
43.655896,-79.371444,2,2021
43.653896,-79.398446,2,2021
43.688992,-79.389887,2,2021
43.671355,-79.372321,2,2021
43.681628,-79.426185,2,2021
43.646299,-79.350233,2,2021
43.654319,-79.383204,2,2021
43.661052,-79.365015,2,2021
43.655262,-79.358942,2,2021
43.67201,-79.370697,2,2021
43.662136,-79.383422,2,2021
43.642459,-79.399241,2,2021
43.64042,-79.428834,2,2021
43.6482,-79.388684,2,2021
43.649681,-79.392156,2,2021
43.672929,-79.38946,2,2021
43.638454,-79.392226,2,2021
43.684455,-79.421442,2,2021
43.644062,-79.37577,2,2021
43.654411,-79.360349,2,2021
43.644423,-79.394625,2,2021
43.66727,-79.369191,2,2021
43.670038,-79.390826,2,2021
43.667295,-79.373778,2,2021
43.674375,-79.399843,2,2021
43.674931,-79.426263,2,2021
43.644573,-79.374057,2,2021
43.645205,-79.413977,2,2021
43.659935,-79.417513,2,2021
43.658037,-79.393045,2,2021
43.689984,-79.425441,2,2021
43.645763,-79.39364,2,2021
43.651274,-79.36403,2,2021
43.66584,-79.384954,2,2021
43.67201,-79.370697,2,2021
43.660681,-79.374735,2,2021
43.672466,-79.375893,2,2021
43.674882,-79.388697,2,2021
43.674901,-79.348431,2,2021
43.640415,-79.388923,2,2021
43.660713,-79.372034,2,2021
43.649673,-79.401312,2,2021
43.675085,-79.394834,2,2021
43.658511,-79.384894,2,2021
43.648442,-79.373787,2,2021
43.655774,-79.380675,2,2021
43.645983,-79.382725,2,2021
43.6735,-79.38407,2,2021
43.673862,-79.377404,2,2021
43.642113,-79.341221,2,2021
43.647184,-79.415939,2,2021
43.663697,-79.380111,2,2021
43.639022,-79.392435,2,2021
43.655466,-79.388599,2,2021
43.665116,-79.411213,2,2021
43.655896,-79.371444,2,2021
43.655896,-79.371444,2,2021
43.666064,-79.385052,2,2021
43.650902,-79.397239,2,2021
43.662896,-79.383734,2,2021
43.637473,-79.405218,2,2021
43.666703,-79.381363,2,2021
43.667635,-79.372208,2,2021
43.652834,-79.404215,2,2021
43.656163,-79.370123,2,2021
43.672429,-79.379568,2,2021
43.656,-79.428265,2,2021
43.647846,-79.37737,2,2021
43.654196,-79.379359,2,2021
43.663025,-79.420915,2,2021
43.651569,-79.36274,2,2021
43.667295,-79.373778,2,2021
43.651217,-79.384964,2,2021
43.637594,-79.424139,2,2021
43.653893,-79.36928,2,2021
43.639022,-79.392435,2,2021
43.655436,-79.405993,2,2021
43.641593,-79.38368,2,2021
43.666703,-79.381363,2,2021
43.658455,-79.368401,2,2021
43.670198,-79.360152,2,2021
43.686997,-79.37148,2,2021
43.648236,-79.41436,2,2021
43.658585,-79.367811,2,2021
43.654319,-79.383204,2,2021
43.672466,-79.375893,2,2021
43.651806,-79.375204,2,2021
43.663992,-79.369307,2,2021
43.642113,-79.341221,2,2021
43.640206,-79.394431,2,2021
43.637324,-79.394372,2,2021
43.688992,-79.389887,2,2021
43.654204,-79.363872,2,2021
43.666285,-79.378347,2,2021
43.688992,-79.389887,2,2021
43.672466,-79.375893,2,2021
43.659037,-79.421884,2,2021
43.656501,-79.377148,2,2021
43.655896,-79.371444,2,2021
43.667295,-79.373778,2,2021
43.649736,-79.402883,2,2021
43.68797,-79.350872,2,2021
43.640415,-79.388923,2,2021
43.67201,-79.370697,2,2021
43.665723,-79.380959,2,2021
43.638454,-79.392226,2,2021
43.62661,-79.359126,2,2021
43.665869,-79.357355,2,2021
43.648903,-79.405995,2,2021
43.641912,-79.41271,2,2021
43.682928,-79.419545,2,2021
43.671915,-79.379068,2,2021
43.660439,-79.3759,2,2021
43.654404,-79.398645,2,2021
43.662467,-79.351361,2,2021
43.663021,-79.383789,2,2021
43.648191,-79.354799,2,2021
43.683634,-79.415921,2,2021
43.665723,-79.380959,2,2021
43.675109,-79.405977,2,2021
43.682928,-79.419545,2,2021
43.667996,-79.385856,2,2021
43.675904,-79.360448,2,2021
43.668349,-79.382056,2,2021
43.683802,-79.38863,2,2021
43.663025,-79.420915,2,2021
43.659039,-79.35252,2,2021
43.662917,-79.374349,2,2021
43.672429,-79.379568,2,2021
43.658876,-79.362478,2,2021
43.661566,-79.368345,2,2021
43.671266,-79.354529,2,2021
43.664937,-79.384596,2,2021
43.646603,-79.389774,2,2021
43.689431,-79.413009,2,2021
43.644749,-79.391795,2,2021
43.658301,-79.359505,2,2021
43.670258,-79.370407,2,2021
43.654078,-79.362739,2,2021
43.658973,-79.400469,2,2021
43.660515,-79.387425,2,2021
43.673236,-79.356099,2,2021
43.668425,-79.406411,2,2021
43.644062,-79.37577,2,2021
43.673236,-79.356099,2,2021
43.674901,-79.348431,2,2021
43.67201,-79.370697,2,2021
43.644423,-79.394625,2,2021
43.661436,-79.428205,2,2021
43.641132,-79.423727,2,2021
43.646472,-79.403761,2,2021
43.649131,-79.372193,2,2021
43.657759,-79.386222,2,2021
43.662416,-79.358688,2,2021
43.651379,-79.406997,2,2021
43.650298,-79.415986,2,2021
43.67201,-79.370697,2,2021
43.662199,-79.424645,2,2021
43.679913,-79.401499,2,2021
43.657711,-79.359295,2,2021
43.657711,-79.359295,2,2021
43.667107,-79.369121,2,2021
43.649334,-79.420782,2,2021
43.661481,-79.428054,2,2021
43.648886,-79.420604,2,2021
43.671273,-79.376449,2,2021
43.653882,-79.401777,2,2021
43.669447,-79.390585,2,2021
43.675109,-79.405977,2,2021
43.666657,-79.403871,2,2021
43.668615,-79.428433,2,2021
43.68202,-79.352348,2,2021
43.648903,-79.405995,2,2021
43.667295,-79.373778,2,2021
43.644062,-79.37577,2,2021
43.662419,-79.376717,2,2021
43.664937,-79.384596,2,2021
43.681671,-79.411554,2,2021
43.644053,-79.405546,2,2021
43.651379,-79.406997,2,2021
43.638839,-79.40065,2,2021
43.656368,-79.367597,2,2021
43.649681,-79.392156,2,2021
43.650142,-79.376196,2,2021
43.656306,-79.398343,2,2021
43.638454,-79.392226,2,2021
43.648903,-79.405995,2,2021
43.639505,-79.382725,2,2021
43.644749,-79.391795,2,2021
43.632026,-79.353614,2,2021
43.648393,-79.393278,2,2021
43.648393,-79.393278,2,2021
43.647846,-79.37737,2,2021
43.660087,-79.363002,2,2021
43.647888,-79.400597,2,2021
43.647613,-79.402002,2,2021
43.641597,-79.407348,2,2021
43.673943,-79.427986,2,2021
43.63896,-79.427375,2,2021
43.668477,-79.387416,2,2021
43.67201,-79.370697,2,2021
43.688992,-79.389887,2,2021
43.685635,-79.348168,2,2021
43.671889,-79.371458,2,2021
43.664955,-79.379101,2,2021
43.655831,-79.404015,2,2021
43.643247,-79.423614,2,2021
43.638583,-79.429136,2,2021
43.655466,-79.388599,2,2021
43.663697,-79.380111,2,2021
43.654078,-79.362739,2,2021
43.632013,-79.419522,2,2021
43.655831,-79.363442,2,2021
43.670198,-79.360152,2,2021
43.654577,-79.417662,2,2021
43.644998,-79.376165,2,2021
43.64875,-79.376431,2,2021
43.635981,-79.428129,2,2021
43.658295,-79.371032,2,2021
43.653108,-79.387582,2,2021
43.648903,-79.405995,2,2021
43.665525,-79.409319,2,2021
43.660654,-79.374851,2,2021
43.667095,-79.374684,2,2021
43.663585,-79.418417,2,2021
43.662416,-79.358688,2,2021
43.674901,-79.348431,2,2021
43.649047,-79.367301,2,2021
43.664955,-79.379101,2,2021
43.672429,-79.379568,2,2021
43.649922,-79.374413,2,2021
43.659859,-79.390495,2,2021
43.655608,-79.372762,2,2021
43.670198,-79.360152,2,2021
43.671889,-79.371458,2,2021
43.666943,-79.369867,2,2021
43.667095,-79.374684,2,2021
43.648812,-79.388925,2,2021
43.648374,-79.398178,2,2021
43.654063,-79.379974,2,2021
43.646968,-79.405206,2,2021
43.665723,-79.380959,2,2021
43.638839,-79.40065,2,2021
43.655854,-79.361325,2,2021
43.659225,-79.381458,2,2021
43.663852,-79.402415,2,2021
43.656348,-79.388968,2,2021
43.660887,-79.340799,2,2021
43.666486,-79.375853,2,2021
43.638495,-79.419576,2,2021
43.659524,-79.357458,2,2021
43.642391,-79.384009,2,2021
43.663904,-79.384158,2,2021
43.655896,-79.371444,2,2021
43.664782,-79.355293,2,2021
43.684625,-79.411169,2,2021
43.639946,-79.395628,2,2021
43.656163,-79.370123,2,2021
43.668307,-79.388235,2,2021
43.666401,-79.424873,2,2021
43.651379,-79.406997,2,2021
43.663707,-79.359245,2,2021
43.666621,-79.411788,2,2021
43.653169,-79.375774,2,2021
43.657304,-79.373459,2,2021
43.664647,-79.380521,2,2021
43.657416,-79.38137,2,2021
43.637594,-79.424139,2,2021
43.660719,-79.366533,2,2021
43.659312,-79.366583,2,2021
43.659123,-79.367352,2,2021
43.67201,-79.370697,2,2021
43.668613,-79.345816,2,2021
43.667221,-79.42786,2,2021
43.678254,-79.38045,2,2021
43.662044,-79.368539,2,2021
43.663052,-79.402109,2,2021
43.656716,-79.424944,2,2021
43.684391,-79.412301,2,2021
43.662778,-79.42206,2,2021
43.655466,-79.388599,2,2021
43.659044,-79.386008,2,2021
43.669974,-79.388018,2,2021
43.648832,-79.393461,2,2021
43.665021,-79.393897,2,2021
43.665723,-79.380959,2,2021
43.664599,-79.367486,2,2021
43.649898,-79.391137,2,2021
43.666703,-79.381363,2,2021
43.644454,-79.400097,2,2021
43.661564,-79.386099,2,2021
43.654914,-79.398831,2,2021
43.664761,-79.364906,2,2021
43.668539,-79.387067,2,2021
43.66219,-79.382748,2,2021
43.649586,-79.375962,2,2021
43.670258,-79.370407,2,2021
43.651547,-79.400987,2,2021
43.657308,-79.384416,2,2021
43.663052,-79.402109,2,2021
43.655616,-79.364463,2,2021
43.661198,-79.358162,2,2021
43.663052,-79.402109,2,2021
43.642113,-79.341221,2,2020
43.672466,-79.375893,2,2020
43.670258,-79.370407,2,2020
43.661481,-79.428054,2,2020
43.656092,-79.402685,2,2020
43.686643,-79.35978,2,2020
43.656658,-79.348895,2,2020
43.656495,-79.34756,2,2020
43.640502,-79.383284,2,2020
43.651379,-79.406997,2,2020
43.637594,-79.424139,2,2020
43.689506,-79.353665,2,2020
43.661737,-79.426858,2,2020
43.648523,-79.377648,2,2020
43.662826,-79.379756,2,2020
43.672466,-79.375893,2,2020
43.67201,-79.370697,2,2020
43.637594,-79.424139,2,2020
43.634893,-79.425805,2,2020
43.672466,-79.375893,2,2020
43.668802,-79.35303,2,2020
43.655896,-79.371444,2,2020
43.652124,-79.364413,2,2020
43.651274,-79.36403,2,2020
43.660681,-79.374735,2,2020
43.667996,-79.385856,2,2020
43.667295,-79.373778,2,2020
43.667996,-79.385856,2,2020
43.659226,-79.385196,2,2020
43.644998,-79.376165,2,2020
43.644062,-79.37577,2,2020
43.67201,-79.370697,2,2020
43.636393,-79.406841,2,2020
43.664955,-79.379101,2,2020
43.672429,-79.379568,2,2020
43.665645,-79.387724,2,2020
43.660474,-79.350519,2,2020
43.644423,-79.394625,2,2020
43.655896,-79.371444,2,2020
43.672466,-79.375893,2,2020
43.657416,-79.38137,2,2020
43.669669,-79.389508,2,2020
43.649922,-79.374413,2,2020
43.668349,-79.382056,2,2020
43.674424,-79.372142,2,2020
43.66482,-79.371015,2,2020
43.664423,-79.362008,2,2020
43.666285,-79.378347,2,2020
43.659769,-79.42479,2,2020
43.658659,-79.369512,2,2020
43.643247,-79.423614,2,2020
43.65349,-79.359283,2,2020
43.643421,-79.391286,2,2020
43.665487,-79.352624,2,2020
43.686478,-79.373922,2,2020
43.682199,-79.423208,2,2020
43.682773,-79.420224,2,2020
43.661876,-79.379375,2,2020
43.670097,-79.413179,2,2020
43.640502,-79.383284,2,2020
43.662921,-79.372076,2,2020
43.658797,-79.423092,2,2020
43.671889,-79.371458,2,2020
43.669482,-79.363583,2,2020
43.671889,-79.371458,2,2020
43.660474,-79.350519,2,2020
43.660061,-79.352313,2,2020
43.679571,-79.427007,2,2020
43.673331,-79.368834,2,2020
43.65849,-79.370217,2,2020
43.645205,-79.413977,2,2020
43.661813,-79.371611,2,2020
43.658295,-79.371032,2,2020
43.648638,-79.386621,2,2020
43.653893,-79.36928,2,2020
43.664403,-79.381636,2,2020
43.663828,-79.379463,2,2020
43.644305,-79.400827,2,2020
43.656705,-79.359584,2,2020
43.642113,-79.341221,2,2020
43.655716,-79.383766,2,2020
43.656724,-79.396321,2,2020
43.662467,-79.351361,2,2020
43.650087,-79.386291,2,2020
43.643007,-79.377824,2,2020
43.662017,-79.407218,2,2020
43.661151,-79.429438,2,2020
43.641013,-79.41025,2,2020
43.641153,-79.376841,2,2020
43.645373,-79.392061,2,2020
43.674733,-79.403271,2,2020
43.679029,-79.401127,2,2020
43.684545,-79.376638,2,2020
43.662609,-79.385729,2,2020
43.658815,-79.415284,2,2020
43.672466,-79.375893,2,2020
43.673862,-79.377404,2,2020
43.672429,-79.379568,2,2020
43.671457,-79.376517,2,2020
43.635217,-79.427836,2,2020
43.665057,-79.368299,2,2020
43.658301,-79.359505,2,2020
43.668894,-79.379452,2,2020
43.670383,-79.411966,2,2020
43.64448,-79.417482,2,2020
43.668175,-79.369562,2,2020
43.661182,-79.342754,2,2020
43.660288,-79.343591,2,2020
43.684455,-79.421442,2,2020
43.663992,-79.369307,2,2020
43.665723,-79.380959,2,2020
43.662416,-79.358688,2,2020
43.666657,-79.403871,2,2020
43.661564,-79.386099,2,2020
43.637372,-79.400031,2,2020
43.638454,-79.392226,2,2020
43.664286,-79.367982,2,2020
43.659344,-79.351232,2,2020
43.641112,-79.41664,2,2020
43.642208,-79.428644,2,2020
43.661481,-79.428054,2,2020
43.646605,-79.38303,2,2020
43.649615,-79.382131,2,2020
43.658511,-79.384894,2,2020
43.650087,-79.386291,2,2020
43.665645,-79.387724,2,2020
43.652412,-79.390667,2,2020
43.648851,-79.392088,2,2020
43.663992,-79.369307,2,2020
43.662334,-79.367191,2,2020
43.66699,-79.369657,2,2020
43.652412,-79.390667,2,2020
43.650395,-79.367892,2,2020
43.652412,-79.390667,2,2020
43.654322,-79.37877,2,2020
43.677664,-79.376014,2,2020
43.683802,-79.38863,2,2020
43.663904,-79.384158,2,2020
43.661372,-79.38311,2,2020
43.689132,-79.394568,2,2020
43.656163,-79.370123,2,2020
43.6505,-79.414948,2,2020
43.643981,-79.420009,2,2020
43.638123,-79.398866,2,2020
43.670226,-79.386788,2,2020
43.668869,-79.374448,2,2020
43.661566,-79.368345,2,2020
43.654525,-79.36946,2,2020
43.666524,-79.404519,2,2020
43.632687,-79.424929,2,2020
43.66195,-79.367036,2,2020
43.672929,-79.38946,2,2020
43.670198,-79.360152,2,2020
43.665723,-79.380959,2,2020
43.674857,-79.407123,2,2020
43.668802,-79.35303,2,2020
43.653274,-79.369636,2,2020
43.674424,-79.372142,2,2020
43.648706,-79.426655,2,2020
43.687534,-79.348107,2,2020
43.664607,-79.424155,2,2020
43.670386,-79.394821,2,2020
43.667162,-79.401539,2,2020
43.672466,-79.375893,2,2020
43.671134,-79.391283,2,2020
43.655616,-79.364463,2,2020
43.687315,-79.397976,2,2020
43.653309,-79.375162,2,2020
43.662699,-79.403867,2,2020
43.658768,-79.353651,2,2020
43.660001,-79.356487,2,2020
43.647357,-79.411386,2,2020
43.659225,-79.381458,2,2020
43.674798,-79.35758,2,2020
43.674798,-79.35758,2,2020
43.665622,-79.423267,2,2020
43.642113,-79.341221,2,2020
43.649681,-79.392156,2,2020
43.663585,-79.418417,2,2020
43.683393,-79.417141,2,2020
43.662917,-79.374349,2,2020
43.675904,-79.360448,2,2020
43.6735,-79.38407,2,2020
43.653108,-79.387582,2,2020
43.667562,-79.385692,2,2020
43.65244,-79.379259,2,2020
43.671357,-79.3902,2,2020
43.649438,-79.424752,2,2020
43.651055,-79.37874,2,2020
43.661302,-79.401411,2,2020
43.64478,-79.39851,2,2020
43.676962,-79.389532,2,2020
43.680177,-79.374153,2,2020
43.64609,-79.419527,2,2020
43.666703,-79.381363,2,2020
43.664937,-79.384596,2,2020
43.662416,-79.358688,2,2020
43.671298,-79.38722,2,2020
43.658821,-79.413969,2,2020
43.6592,-79.393485,2,2020
43.653108,-79.387582,2,2020
43.656291,-79.379576,2,2020
43.636237,-79.409826,2,2020
43.67201,-79.370697,2,2020
43.669368,-79.386425,2,2020
43.628398,-79.360648,2,2020
43.653151,-79.355831,2,2020
43.667162,-79.401539,2,2020
43.639022,-79.415917,2,2020
43.656163,-79.370123,2,2020
43.642208,-79.428644,2,2020
43.656995,-79.368828,2,2020
43.656163,-79.370123,2,2020
43.659523,-79.419576,2,2020
43.638839,-79.40065,2,2020
43.651605,-79.371079,2,2020
43.643981,-79.420009,2,2020
43.655716,-79.383766,2,2020
43.646472,-79.403761,2,2020
43.652412,-79.390667,2,2020
43.649615,-79.382131,2,2020
43.663365,-79.372266,2,2020
43.675553,-79.396941,2,2020
43.662419,-79.376717,2,2020
43.640992,-79.417244,2,2020
43.643241,-79.409294,2,2020
43.662199,-79.424645,2,2020
43.660529,-79.342506,2,2020
43.647826,-79.405569,2,2020
43.645517,-79.40337,2,2020
43.657669,-79.354717,2,2020
43.652148,-79.368638,2,2020
43.680949,-79.393778,2,2020
43.668033,-79.397381,2,2020
43.659229,-79.427326,2,2020
43.639063,-79.346662,2,2020
43.670386,-79.394821,2,2020
43.677867,-79.425961,2,2020
43.664593,-79.429334,2,2020
43.668746,-79.375393,2,2020
43.671915,-79.379068,2,2020
43.672466,-79.375893,2,2020
43.66584,-79.384954,2,2020
43.639723,-79.423553,2,2020
43.686233,-79.393332,2,2020
43.669669,-79.389508,2,2020
43.640992,-79.417244,2,2020
43.683932,-79.356949,2,2020
43.641013,-79.41025,2,2020
43.677557,-79.351966,2,2020
43.642113,-79.341221,2,2020
43.688465,-79.389091,2,2020
43.662006,-79.384022,2,2020
43.643981,-79.420009,2,2020
43.659151,-79.348652,2,2020
43.666359,-79.405355,2,2020
43.673331,-79.368834,2,2020
43.645083,-79.383427,2,2020
43.669147,-79.378119,2,2020
43.65117,-79.381334,2,2020
43.668869,-79.374448,2,2020
43.670198,-79.360152,2,2020
43.662416,-79.358688,2,2020
43.648131,-79.403782,2,2020
43.648523,-79.377648,2,2020
43.652818,-79.371605,2,2020
43.654622,-79.353746,2,2020
43.656821,-79.375666,2,2020
43.662609,-79.385729,2,2020
43.651379,-79.406997,2,2020
43.645734,-79.400637,2,2020
43.647888,-79.400597,2,2020
43.668349,-79.382056,2,2020
43.655716,-79.383766,2,2020
43.664756,-79.342743,2,2020
43.670309,-79.405305,2,2020
43.66251,-79.423269,2,2020
43.668539,-79.387067,2,2020
43.657383,-79.4032,2,2020
43.671915,-79.379068,2,2020
43.668917,-79.363841,2,2020
43.647739,-79.361043,2,2020
43.654063,-79.379974,2,2020
43.655896,-79.371444,2,2020
43.654503,-79.390379,2,2020
43.658983,-79.367984,2,2020
43.643421,-79.391286,2,2020
43.682928,-79.419545,2,2020
43.668089,-79.370098,2,2020
43.671457,-79.376517,2,2020
43.639431,-79.386817,2,2020
43.680894,-79.403053,2,2020
43.660439,-79.3759,2,2020
43.662334,-79.367191,2,2020
43.646968,-79.405206,2,2020
43.657154,-79.375805,2,2020
43.652609,-79.376518,2,2020
43.643301,-79.398247,2,2020
43.648226,-79.370932,2,2020
43.672466,-79.375893,2,2020
43.668477,-79.387416,2,2020
43.659225,-79.381458,2,2020
43.631431,-79.429182,2,2020
43.652627,-79.366462,2,2020
43.66872,-79.394141,2,2020
43.687333,-79.425252,2,2020
43.638454,-79.392226,2,2020
43.64448,-79.417482,2,2020
43.658878,-79.349852,2,2020
43.66251,-79.423269,2,2020
43.651278,-79.368262,2,2020
43.659523,-79.419576,2,2020
43.645313,-79.352482,2,2020
43.64206,-79.381113,2,2020
43.667295,-79.373778,2,2020
43.659406,-79.345272,2,2020
43.642934,-79.427313,2,2020
43.654525,-79.36946,2,2020
43.664647,-79.380521,2,2020
43.665723,-79.380959,2,2020
43.657949,-79.400048,2,2020
43.641929,-79.374709,2,2020
43.643301,-79.398247,2,2020
43.662169,-79.412665,2,2020
43.659558,-79.410293,2,2020
43.686936,-79.399869,2,2020
43.670804,-79.38421,2,2020
43.639715,-79.385442,2,2020
43.649401,-79.423261,2,2020
43.656163,-79.370123,2,2020
43.648415,-79.422869,2,2020
43.654525,-79.36946,2,2020
43.655971,-79.410162,2,2020
43.648523,-79.377648,2,2020
43.660671,-79.378873,2,2020
43.656263,-79.378317,2,2020
43.683101,-79.392033,2,2020
43.680949,-79.393778,2,2020
43.670269,-79.389734,2,2020
43.658077,-79.362972,2,2020
43.666832,-79.381414,2,2020
43.656271,-79.361466,2,2020
43.642766,-79.425998,2,2020
43.665915,-79.407473,2,2020
43.647835,-79.420179,2,2020
43.649681,-79.392156,2,2020
43.658295,-79.371032,2,2020
43.657949,-79.400048,2,2020
43.653108,-79.387582,2,2020
43.637654,-79.391889,2,2020
43.639165,-79.414143,2,2020
43.662172,-79.377878,2,2020
43.645868,-79.383792,2,2020
43.678044,-79.359835,2,2020
43.671915,-79.379068,2,2020
43.653377,-79.386446,2,2020
43.672429,-79.379568,2,2020
43.657308,-79.384416,2,2020
43.668349,-79.419023,2,2020
43.687422,-79.408712,2,2020
43.651379,-79.406997,2,2020
43.649149,-79.377918,2,2020
43.641013,-79.41025,2,2020
43.657459,-79.402827,2,2020
43.661481,-79.428054,2,2020
43.671889,-79.371458,2,2020
43.666236,-79.363526,2,2020
43.674424,-79.372142,2,2020
43.687603,-79.354154,2,2020
43.670198,-79.360152,2,2020
43.650278,-79.382402,2,2020
43.67016,-79.382811,2,2020
43.67201,-79.370697,2,2020
43.655716,-79.383766,2,2020
43.668349,-79.382056,2,2020
43.689433,-79.348816,2,2020
43.658172,-79.365501,2,2020
43.668894,-79.379452,2,2020
43.680935,-79.346947,2,2020
43.663599,-79.377214,2,2020
43.648927,-79.365967,2,2020
43.671328,-79.37373,2,2020
43.651379,-79.406997,2,2020
43.667095,-79.345196,2,2020
43.639431,-79.386817,2,2020
43.654051,-79.40043,2,2020
43.656263,-79.378317,2,2020
43.665389,-79.409993,2,2020
43.667636,-79.342778,2,2020
43.642766,-79.425998,2,2020
43.67201,-79.370697,2,2020
43.672466,-79.375893,2,2020
43.654411,-79.360349,2,2020
43.663052,-79.402109,2,2020
43.644204,-79.418862,2,2020
43.659441,-79.366016,2,2020
43.653502,-79.374289,2,2020
43.673618,-79.385326,2,2020
43.673862,-79.377404,2,2020
43.667996,-79.385856,2,2020
43.651379,-79.406997,2,2020
43.65226,-79.397792,2,2020
43.663852,-79.402415,2,2020
43.671355,-79.372321,2,2020
43.664782,-79.355293,2,2020
43.673359,-79.399408,2,2020
43.652988,-79.364785,2,2020
43.654622,-79.353746,2,2020
43.674857,-79.407123,2,2020
43.677417,-79.408131,2,2020
43.674798,-79.35758,2,2020
43.656749,-79.399591,2,2020
43.651379,-79.406997,2,2020
43.663162,-79.392697,2,2020
43.688083,-79.394142,2,2020
43.665723,-79.380959,2,2020
43.65942,-79.347447,2,2020
43.670198,-79.360152,2,2020
43.651379,-79.406997,2,2020
43.650262,-79.398163,2,2020
43.664617,-79.41365,2,2020
43.664136,-79.370734,2,2020
43.661151,-79.429438,2,2020
43.666703,-79.381363,2,2020
43.67201,-79.370697,2,2020
43.656271,-79.361466,2,2020
43.638839,-79.40065,2,2020
43.649131,-79.372193,2,2020
43.661564,-79.386099,2,2020
43.66708,-79.417199,2,2020
43.655854,-79.361325,2,2020
43.652152,-79.382336,2,2020
43.648628,-79.373864,2,2020
43.680735,-79.382417,2,2020
43.638454,-79.392226,2,2020
43.654855,-79.36794,2,2020
43.677521,-79.358652,2,2020
43.667295,-79.373778,2,2020
43.667124,-79.378702,2,2020
43.660816,-79.385855,2,2020
43.640502,-79.383284,2,2020
43.666486,-79.375853,2,2020
43.651105,-79.392151,2,2020
43.653584,-79.418447,2,2020
43.676099,-79.359421,2,2020
43.666703,-79.381363,2,2020
43.654411,-79.360349,2,2020
43.674882,-79.388697,2,2020
43.684163,-79.413394,2,2020
43.660439,-79.3759,2,2020
43.654826,-79.363038,2,2020
43.667095,-79.374684,2,2020
43.653639,-79.353711,2,2020
43.656289,-79.384754,2,2020
43.656705,-79.359584,2,2020
43.676765,-79.427129,2,2020
43.666573,-79.419624,2,2020
43.653958,-79.372078,2,2020
43.678237,-79.348484,2,2020
43.634075,-79.411864,2,2020
43.649825,-79.418288,2,2020
43.668869,-79.374448,2,2020
43.667095,-79.374684,2,2020
43.67201,-79.370697,2,2020
43.668349,-79.382056,2,2020
43.661564,-79.386099,2,2020
43.684625,-79.411169,2,2020
43.653108,-79.387582,2,2020
43.656482,-79.407723,2,2020
43.657375,-79.356531,2,2020
43.671328,-79.37373,2,2020
43.673837,-79.422383,2,2020
43.655608,-79.372762,2,2020
43.667095,-79.345196,2,2020
43.661515,-79.409769,2,2020
43.669669,-79.389508,2,2020
43.671291,-79.374977,2,2020
43.664115,-79.405447,2,2020
43.662917,-79.374349,2,2020
43.67201,-79.370697,2,2020
43.639404,-79.398005,2,2020
43.675236,-79.382693,2,2020
43.640415,-79.388923,2,2020
43.633401,-79.399528,2,2020
43.642113,-79.341221,2,2020
43.639063,-79.346662,2,2020
43.658075,-79.384713,2,2020
43.658681,-79.348459,2,2020
43.656092,-79.402685,2,2020
43.636485,-79.39965,2,2020
43.670562,-79.389844,2,2020
43.652964,-79.429451,2,2020
43.670198,-79.360152,2,2020
43.649225,-79.364643,2,2020
43.659441,-79.366016,2,2020
43.654404,-79.398645,2,2020
43.660001,-79.356487,2,2020
43.641915,-79.401895,2,2020
43.653564,-79.363599,2,2020
43.663388,-79.372164,2,2020
43.637554,-79.404219,2,2020
43.670804,-79.38421,2,2020
43.649825,-79.418288,2,2020
43.662237,-79.356691,2,2020
43.639977,-79.422281,2,2020
43.667373,-79.381638,2,2020
43.638454,-79.392226,2,2020
43.642208,-79.428644,2,2020
43.68046,-79.398939,2,2020
43.642113,-79.341221,2,2020
43.642113,-79.341221,2,2020
43.662467,-79.351361,2,2020
43.639977,-79.422281,2,2020
43.654829,-79.376461,2,2020
43.671221,-79.382376,2,2020
43.639063,-79.346662,2,2020
43.63811,-79.421581,2,2020
43.684663,-79.40591,2,2020
43.6735,-79.38407,2,2020
43.660793,-79.341269,2,2020
43.637594,-79.424139,2,2020
43.646472,-79.403761,2,2020
43.648903,-79.405995,2,2020
43.676765,-79.427129,2,2020
43.651379,-79.406997,2,2020
43.660175,-79.377042,2,2020
43.673618,-79.385326,2,2020
43.666703,-79.381363,2,2020
43.643247,-79.423614,2,2020
43.668255,-79.375177,2,2020
43.632454,-79.410896,2,2020
43.663021,-79.383789,2,2020
43.640992,-79.417244,2,2020
43.667562,-79.385692,2,2020
43.665723,-79.380959,2,2020
43.62661,-79.359126,2,2020
43.665723,-79.380959,2,2020
43.653738,-79.356104,2,2020
43.645987,-79.379135,2,2020
43.663697,-79.380111,2,2020
43.659769,-79.42479,2,2020
43.64222,-79.379373,2,2020
43.680949,-79.393778,2,2020
43.647739,-79.361043,2,2020
43.662416,-79.358688,2,2020
43.663697,-79.380111,2,2020
43.662136,-79.383422,2,2020
43.658867,-79.3665,2,2020
43.664403,-79.381636,2,2020
43.652259,-79.376373,2,2020
43.653108,-79.387582,2,2020
43.684163,-79.413394,2,2020
43.656163,-79.370123,2,2020
43.656227,-79.34871,2,2020
43.6735,-79.38407,2,2020
43.636255,-79.409632,2,2020
43.638495,-79.419576,2,2020
43.658075,-79.384713,2,2020
43.654456,-79.418785,2,2020
43.655896,-79.371444,2,2020
43.665723,-79.380959,2,2020
43.668349,-79.382056,2,2020
43.666703,-79.381363,2,2020
43.652918,-79.376952,2,2020
43.655157,-79.419032,2,2020
43.657949,-79.400048,2,2020
43.668349,-79.382056,2,2020
43.640415,-79.388923,2,2020
43.684625,-79.411169,2,2020
43.640563,-79.393005,2,2020
43.667996,-79.385856,2,2020
43.66584,-79.384954,2,2020
43.650298,-79.415986,2,2020
43.679039,-79.398352,2,2020
43.677304,-79.353258,2,2020
43.664423,-79.362008,2,2020
43.64042,-79.428834,2,2020
43.656267,-79.392291,2,2020
43.666285,-79.378347,2,2020
43.661876,-79.379375,2,2020
43.661845,-79.358443,2,2020
43.688059,-79.405571,2,2020
43.637594,-79.424139,2,2020
43.645939,-79.389505,2,2020
43.658332,-79.352239,2,2020
43.662237,-79.356691,2,2020
43.678454,-79.382685,2,2020
43.674369,-79.36737,2,2020
43.645963,-79.413432,2,2020
43.679679,-79.345156,2,2020
43.62661,-79.359126,2,2020
43.659406,-79.345272,2,2020
43.656368,-79.367597,2,2020
43.656368,-79.367597,2,2020
43.653729,-79.373255,2,2020
43.655716,-79.383766,2,2020
43.674798,-79.35758,2,2020
43.663052,-79.402109,2,2020
43.670198,-79.360152,2,2020
43.664085,-79.426541,2,2020
43.655436,-79.405993,2,2020
43.660474,-79.350519,2,2020
43.642113,-79.341221,2,2020
43.632026,-79.353614,2,2020
43.659859,-79.390495,2,2020
43.635981,-79.428129,2,2020
43.645963,-79.413432,2,2020
43.663599,-79.377214,2,2020
43.655149,-79.374971,2,2020
43.665866,-79.385921,2,2020
43.655896,-79.371444,2,2020
43.657304,-79.373459,2,2020
43.645763,-79.39364,2,2020
43.671959,-79.347202,2,2020
43.670198,-79.360152,2,2020
43.642113,-79.341221,2,2020
43.659091,-79.369689,2,2020
43.645024,-79.419149,2,2020
43.646943,-79.417137,2,2020
43.658295,-79.371032,2,2020
43.651309,-79.41092,2,2020
43.662917,-79.374349,2,2020
43.656163,-79.370123,2,2020
43.662917,-79.374349,2,2020
43.658295,-79.371032,2,2020
43.655774,-79.380675,2,2020
43.648191,-79.354799,2,2020
43.654063,-79.379974,2,2020
43.642739,-79.393929,2,2020
43.646316,-79.391093,2,2020
43.678044,-79.359835,2,2020
43.633401,-79.399528,2,2020
43.632026,-79.353614,2,2020
43.666703,-79.381363,2,2020
43.651302,-79.395337,2,2020
43.644726,-79.416303,2,2020
43.65639,-79.422155,2,2020
43.666621,-79.411788,2,2020
43.633401,-79.399528,2,2020
43.667124,-79.378702,2,2020
43.668197,-79.388869,2,2020
43.682654,-79.40989,2,2020
43.645373,-79.392061,2,2020
43.648191,-79.354799,2,2020
43.655896,-79.371444,2,2020
43.640856,-79.387623,2,2020
43.668033,-79.397381,2,2020
43.687133,-79.393705,2,2020
43.673973,-79.410516,2,2020
43.647587,-79.391576,2,2020
43.65632,-79.368621,2,2020
43.656705,-79.359584,2,2020
43.674375,-79.399843,2,2020
43.661876,-79.379375,2,2020
43.663828,-79.379463,2,2020
43.671175,-79.408134,2,2020
43.667562,-79.385692,2,2020
43.675015,-79.411537,2,2020
43.667124,-79.378702,2,2020
43.67201,-79.370697,2,2020
43.671355,-79.372321,2,2020
43.656436,-79.384061,2,2020
43.67201,-79.370697,2,2020
43.643484,-79.408293,2,2020
43.688648,-79.391492,2,2020
43.65273,-79.363246,2,2020
43.660061,-79.352313,2,2020
43.654196,-79.379359,2,2020
43.647257,-79.373313,2,2020
43.670198,-79.360152,2,2020
43.659858,-79.378536,2,2020
43.644062,-79.37577,2,2020
43.672557,-79.426113,2,2020
43.654914,-79.398831,2,2020
43.667124,-79.378702,2,2020
43.662055,-79.383386,2,2020
43.688648,-79.391492,2,2020
43.646469,-79.407711,2,2020
43.664607,-79.424155,2,2020
43.661,-79.37739,2,2020
43.651379,-79.406997,2,2020
43.674809,-79.412611,2,2020
43.661402,-79.371439,2,2020
43.64734,-79.399387,2,2020
43.644204,-79.418862,2,2020
43.636255,-79.409632,2,2020
43.665723,-79.380959,2,2020
43.67194,-79.408459,2,2020
43.653047,-79.372983,2,2020
43.681273,-79.367926,2,2020
43.666285,-79.378347,2,2020
43.675869,-79.407493,2,2020
43.646192,-79.423473,2,2020
43.686835,-79.354454,2,2020
43.655582,-79.358416,2,2020
43.648523,-79.377648,2,2020
43.644998,-79.376165,2,2020
43.644062,-79.37577,2,2020
43.655716,-79.383766,2,2020
43.654078,-79.362739,2,2020
43.679303,-79.343085,2,2020
43.669966,-79.406952,2,2020
43.672429,-79.379568,2,2020
43.668175,-79.369562,2,2020
43.663904,-79.384158,2,2020
43.666285,-79.378347,2,2020
43.655909,-79.380087,2,2020
43.660609,-79.357911,2,2020
43.664937,-79.384596,2,2020
43.65154,-79.413053,2,2020
43.662416,-79.358688,2,2020
43.658261,-79.398198,2,2020
43.646882,-79.353735,2,2020
43.65853,-79.364022,2,2020
43.65639,-79.422155,2,2020
43.648927,-79.365967,2,2020
43.644955,-79.397647,2,2020
43.646605,-79.38303,2,2020
43.651877,-79.397645,2,2020
43.656065,-79.354218,2,2020
43.655896,-79.371444,2,2020
43.669245,-79.372831,2,2020
43.648903,-79.405995,2,2020
43.678633,-79.403074,2,2020
43.639063,-79.346662,2,2020
43.660647,-79.414034,2,2020
43.684163,-79.413394,2,2020
43.6735,-79.38407,2,2020
43.673862,-79.377404,2,2020
43.66225,-79.424433,2,2020
43.658876,-79.362478,2,2020
43.686659,-79.347769,2,2020
43.672037,-79.383579,2,2020
43.632681,-79.422171,2,2020
43.658514,-79.37637,2,2020
43.671889,-79.371458,2,2020
43.641597,-79.407348,2,2020
43.686936,-79.399869,2,2020
43.649922,-79.374413,2,2020
43.654508,-79.402035,2,2020
43.654622,-79.353746,2,2020
43.657308,-79.384416,2,2020
43.639063,-79.346662,2,2020
43.667221,-79.42786,2,2020
43.67581,-79.402594,2,2020
43.673862,-79.377404,2,2020
43.641013,-79.41025,2,2020
43.666547,-79.385259,2,2020
43.670753,-79.393081,2,2020
43.660529,-79.342506,2,2020
43.641153,-79.376841,2,2020
43.663697,-79.380111,2,2020
43.679734,-79.391673,2,2020
43.642391,-79.384009,2,2020
43.671915,-79.379068,2,2020
43.676753,-79.370843,2,2020
43.661151,-79.429438,2,2020
43.636255,-79.409632,2,2020
43.642113,-79.341221,2,2020
43.670198,-79.360152,2,2020
43.655466,-79.388599,2,2020
43.650196,-79.389755,2,2020
43.638854,-79.386573,2,2020
43.664115,-79.405447,2,2020
43.681226,-79.361576,2,2020
43.646289,-79.408583,2,2020
43.669974,-79.388018,2,2020
43.665511,-79.403109,2,2020
43.654914,-79.398831,2,2020
43.672466,-79.375893,2,2020
43.670936,-79.378875,2,2020
43.637594,-79.424139,2,2020
43.665511,-79.403109,2,2020
43.651021,-79.401874,2,2020
43.659513,-79.426008,2,2020
43.662826,-79.379756,2,2020
43.688455,-79.348471,2,2020
43.639099,-79.399282,2,2020
43.648903,-79.405995,2,2020
43.649585,-79.429829,2,2020
43.656275,-79.401753,2,2020
43.667391,-79.365201,2,2020
43.650893,-79.346962,2,2020
43.660001,-79.356487,2,2020
43.645847,-79.41079,2,2020
43.648903,-79.405995,2,2020
43.670226,-79.386788,2,2020
43.678237,-79.348484,2,2020
43.661302,-79.401411,2,2020
43.645205,-79.413977,2,2020
43.642208,-79.428644,2,2020
43.642636,-79.382792,2,2020
43.672929,-79.38946,2,2020
43.653108,-79.387582,2,2020
43.633401,-79.399528,2,2020
43.683308,-79.426881,2,2020
43.642113,-79.341221,2,2020
43.66584,-79.384954,2,2020
43.642113,-79.341221,2,2020
43.670198,-79.360152,2,2020
43.672466,-79.375893,2,2020
43.662416,-79.358688,2,2020
43.656482,-79.407723,2,2020
43.654525,-79.36946,2,2020
43.688669,-79.412669,2,2020
43.651528,-79.372365,2,2020
43.672429,-79.379568,2,2020
43.658171,-79.37239,2,2020
43.661737,-79.426858,2,2019
43.645471,-79.395047,2,2019
43.657653,-79.401846,2,2019
43.667095,-79.345196,2,2019
43.654063,-79.379974,2,2019
43.648886,-79.420604,2,2019
43.667916,-79.390427,2,2019
43.646943,-79.417137,2,2019
43.656291,-79.379576,2,2019
43.659192,-79.3485,2,2019
43.664403,-79.381636,2,2019
43.668953,-79.348019,2,2019
43.646443,-79.366131,2,2019
43.635597,-79.426085,2,2019
43.660288,-79.343591,2,2019
43.655851,-79.399231,2,2019
43.685026,-79.392854,2,2019
43.648538,-79.397415,2,2019
43.647808,-79.39597,2,2019
43.648523,-79.377648,2,2019
43.654855,-79.36794,2,2019
43.643247,-79.423614,2,2019
43.661515,-79.409769,2,2019
43.637473,-79.405218,2,2019
43.641238,-79.422854,2,2019
43.674032,-79.348067,2,2019
43.650421,-79.388643,2,2019
43.658037,-79.393045,2,2019
43.667517,-79.399836,2,2019
43.641013,-79.41025,2,2019
43.666285,-79.378347,2,2019
43.668349,-79.382056,2,2019
43.666285,-79.378347,2,2019
43.663599,-79.377215,2,2019
43.667373,-79.381638,2,2019
43.640836,-79.425284,2,2019
43.662609,-79.385729,2,2019
43.640856,-79.387623,2,2019
43.648091,-79.369578,2,2019
43.646882,-79.353735,2,2019
43.656436,-79.384061,2,2019
43.639022,-79.392435,2,2019
43.657375,-79.356531,2,2019
43.676202,-79.358873,2,2019
43.672874,-79.387866,2,2019
43.638454,-79.392226,2,2019
43.638653,-79.428859,2,2019
43.632681,-79.422171,2,2019
43.645097,-79.429699,2,2019
43.658327,-79.385697,2,2019
43.680694,-79.354388,2,2019
43.673862,-79.377404,2,2019
43.659096,-79.382118,2,2019
43.66482,-79.371015,2,2019
43.650232,-79.389477,2,2019
43.655774,-79.380675,2,2019
43.672638,-79.416772,2,2019
43.673862,-79.377404,2,2019
43.673331,-79.368834,2,2019
43.640113,-79.391282,2,2019
43.661151,-79.429438,2,2019
43.660439,-79.3759,2,2019
43.659229,-79.427326,2,2019
43.644776,-79.385022,2,2019
43.672359,-79.376854,2,2019
43.672359,-79.376854,2,2019
43.641437,-79.415019,2,2019
43.654914,-79.398831,2,2019
43.661564,-79.370702,2,2019
43.664115,-79.405447,2,2019
43.651528,-79.372365,2,2019
43.662419,-79.376717,2,2019
43.656749,-79.399591,2,2019
43.666703,-79.381363,2,2019
43.66936,-79.366767,2,2019
43.662419,-79.376717,2,2019
43.67684,-79.410366,2,2019
43.655831,-79.404015,2,2019
43.671357,-79.3902,2,2019
43.661052,-79.365015,2,2019
43.653108,-79.387582,2,2019
43.671889,-79.371458,2,2019
43.668175,-79.369562,2,2019
43.630426,-79.419784,2,2019
43.654525,-79.36946,2,2019
43.638454,-79.392226,2,2019
43.663052,-79.402109,2,2019
43.662501,-79.428449,2,2019
43.661302,-79.401411,2,2019
43.648766,-79.396382,2,2019
43.670226,-79.386788,2,2019
43.646055,-79.392329,2,2019
43.640303,-79.398375,2,2019
43.671889,-79.371458,2,2019
43.655813,-79.429161,2,2019
43.656944,-79.365002,2,2019
43.641013,-79.41025,2,2019
43.671889,-79.371458,2,2019
43.671889,-79.371458,2,2019
43.669669,-79.389508,2,2019
43.657949,-79.400048,2,2019
43.656821,-79.375666,2,2019
43.660816,-79.385855,2,2019
43.661151,-79.429438,2,2019
43.672466,-79.375893,2,2019
43.678485,-79.410262,2,2019
43.640856,-79.387623,2,2019
43.672466,-79.375893,2,2019
43.656436,-79.384061,2,2019
43.670012,-79.420933,2,2019
43.657551,-79.380767,2,2019
43.672466,-79.375893,2,2019
43.67128,-79.375421,2,2019
43.674882,-79.388697,2,2019
43.649457,-79.389181,2,2019
43.642913,-79.381476,2,2019
43.654511,-79.356432,2,2019
43.656749,-79.399591,2,2019
43.667095,-79.345196,2,2019
43.676099,-79.359421,2,2019
43.653108,-79.387582,2,2019
43.672466,-79.375893,2,2019
43.643421,-79.391286,2,2019
43.637464,-79.397227,2,2019
43.638653,-79.428859,2,2019
43.670226,-79.386788,2,2019
43.663473,-79.41887,2,2019
43.678208,-79.355569,2,2019
43.665723,-79.380959,2,2019
43.682419,-79.421975,2,2019
43.669656,-79.37579,2,2019
43.657375,-79.356531,2,2019
43.64432,-79.412813,2,2019
43.659607,-79.365241,2,2019
43.683194,-79.34645,2,2019
43.651092,-79.366863,2,2019
43.661302,-79.401411,2,2019
43.663032,-79.371317,2,2019
43.650407,-79.37847,2,2019
43.688552,-79.353312,2,2019
43.656716,-79.424944,2,2019
43.656275,-79.401753,2,2019
43.674952,-79.399903,2,2019
43.652059,-79.407275,2,2019
43.640758,-79.41147,2,2019
43.647613,-79.402002,2,2019
43.656501,-79.377148,2,2019
43.674375,-79.399843,2,2019
43.667337,-79.415992,2,2019
43.662419,-79.376717,2,2019
43.646853,-79.398395,2,2019
43.671266,-79.354529,2,2019
43.62661,-79.359126,2,2019
43.671852,-79.420341,2,2019
43.652259,-79.376373,2,2019
43.685031,-79.343807,2,2019
43.639022,-79.415917,2,2019
43.671334,-79.373269,2,2019
43.645939,-79.389505,2,2019
43.672993,-79.40214,2,2019
43.671545,-79.393373,2,2019
43.656821,-79.375666,2,2019
43.647821,-79.424115,2,2019
43.668869,-79.374448,2,2019
43.658878,-79.349852,2,2019
43.635481,-79.406714,2,2019
43.668349,-79.382056,2,2019
43.653377,-79.386446,2,2019
43.687107,-79.426414,2,2019
43.651692,-79.378985,2,2019
43.671889,-79.371458,2,2019
43.651308,-79.414156,2,2019
43.669669,-79.389508,2,2019
43.679554,-79.398563,2,2019
43.659441,-79.366016,2,2019
43.649149,-79.377918,2,2019
43.655213,-79.413878,2,2019
43.667909,-79.370914,2,2019
43.67016,-79.382811,2,2019
43.675869,-79.407493,2,2019
43.661227,-79.372236,2,2019
43.668746,-79.375393,2,2019
43.654525,-79.36946,2,2019
43.648628,-79.373864,2,2019
43.686659,-79.347769,2,2019
43.650069,-79.396885,2,2019
43.653896,-79.398446,2,2019
43.666657,-79.403871,2,2019
43.664657,-79.40274,2,2019
43.657209,-79.404076,2,2019
43.65623,-79.40896,2,2019
43.657949,-79.400048,2,2019
43.668894,-79.379452,2,2019
43.670226,-79.386788,2,2019
43.657416,-79.38137,2,2019
43.657304,-79.373459,2,2019
43.654063,-79.379974,2,2019
43.668089,-79.370098,2,2019
43.657383,-79.4032,2,2019
43.656163,-79.370123,2,2019
43.649405,-79.376732,2,2019
43.635338,-79.418657,2,2019
43.679679,-79.345156,2,2019
43.667909,-79.370914,2,2019
43.678485,-79.410262,2,2019
43.667934,-79.379046,2,2019
43.671269,-79.341694,2,2019
43.661151,-79.429438,2,2019
43.655157,-79.419032,2,2019
43.639964,-79.3802,2,2019
43.648523,-79.377648,2,2019
43.682429,-79.415219,2,2019
43.662973,-79.345789,2,2019
43.666289,-79.369585,2,2019
43.639022,-79.392435,2,2019
43.676962,-79.389532,2,2019
43.657949,-79.400048,2,2019
43.666942,-79.353237,2,2019
43.656163,-79.370123,2,2019
43.641132,-79.423727,2,2019
43.674397,-79.342994,2,2019
43.644955,-79.397647,2,2019
43.646741,-79.395571,2,2019
43.641915,-79.401895,2,2019
43.643007,-79.377824,2,2019
43.670094,-79.399455,2,2019
43.676202,-79.358873,2,2019
43.640113,-79.391282,2,2019
43.682773,-79.420224,2,2019
43.65244,-79.379259,2,2019
43.671134,-79.391283,2,2019
43.674639,-79.345676,2,2019
43.67244,-79.386161,2,2019
43.670325,-79.390933,2,2019
43.666621,-79.411788,2,2019
43.656436,-79.384061,2,2019
43.65663,-79.420955,2,2019
43.68214,-79.416658,2,2019
43.671122,-79.387156,2,2019
43.65753,-79.389489,2,2019
43.641238,-79.422854,2,2019
43.67201,-79.370697,2,2019
43.639063,-79.346662,2,2019
43.662416,-79.358688,2,2019
43.67673,-79.415787,2,2019
43.664937,-79.384596,2,2019
43.664069,-79.416114,2,2019
43.641999,-79.429725,2,2019
43.660276,-79.348089,2,2019
43.639063,-79.346662,2,2019
43.657209,-79.404076,2,2019
43.654656,-79.421489,2,2019
43.662467,-79.351361,2,2019
43.652918,-79.376952,2,2019
43.652944,-79.39805,2,2019
43.651186,-79.374947,2,2019
43.644305,-79.400827,2,2019
43.667635,-79.372208,2,2019
43.658659,-79.369512,2,2019
43.657304,-79.373459,2,2019
43.667909,-79.370914,2,2019
43.676962,-79.389532,2,2019
43.673618,-79.385326,2,2019
43.648415,-79.422869,2,2019
43.663473,-79.41887,2,2019
43.669669,-79.389508,2,2019
43.639964,-79.3802,2,2019
43.679146,-79.390432,2,2019
43.653108,-79.387582,2,2019
43.658301,-79.359505,2,2019
43.655616,-79.364463,2,2019
43.656339,-79.368015,2,2019
43.669937,-79.34371,2,2019
43.654322,-79.37877,2,2019
43.667909,-79.370914,2,2019
43.65753,-79.389489,2,2019
43.654508,-79.402035,2,2019
43.638454,-79.392226,2,2019
43.648766,-79.396382,2,2019
43.639229,-79.426051,2,2019
43.653729,-79.373255,2,2019
43.688083,-79.394142,2,2019
43.647808,-79.39597,2,2019
43.661151,-79.429438,2,2019
43.666285,-79.378347,2,2019
43.670309,-79.405305,2,2019
43.657416,-79.38137,2,2019
43.662237,-79.356691,2,2019
43.672188,-79.406042,2,2019
43.670258,-79.370407,2,2019
43.661515,-79.409769,2,2019
43.654508,-79.402035,2,2019
43.670258,-79.370407,2,2019
43.689923,-79.415794,2,2019
43.652408,-79.388268,2,2019
43.645312,-79.352482,2,2019
43.660059,-79.416902,2,2019
43.659226,-79.385196,2,2019
43.669656,-79.37579,2,2019
43.656092,-79.402685,2,2019
43.664937,-79.384596,2,2019
43.639022,-79.392435,2,2019
43.654656,-79.421489,2,2019
43.651055,-79.4122,2,2019
43.670753,-79.393081,2,2019
43.64875,-79.376431,2,2019
43.648377,-79.368301,2,2019
43.658387,-79.391402,2,2019
43.665723,-79.380959,2,2019
43.678013,-79.349623,2,2019
43.655831,-79.404015,2,2019
43.660886,-79.412836,2,2019
43.648377,-79.363456,2,2019
43.639022,-79.392435,2,2019
43.661985,-79.425659,2,2019
43.64489,-79.403106,2,2019
43.64501,-79.363957,2,2019
43.67473,-79.428328,2,2019
43.670226,-79.386788,2,2019
43.67201,-79.370697,2,2019
43.637654,-79.391889,2,2019
43.671328,-79.37373,2,2019
43.663517,-79.361643,2,2019
43.654577,-79.417662,2,2019
43.656035,-79.379475,2,2019
43.652944,-79.39805,2,2019
43.673374,-79.356228,2,2019
43.672466,-79.375893,2,2019
43.661985,-79.425659,2,2019
43.655971,-79.410162,2,2019
43.658172,-79.365501,2,2019
43.648886,-79.420604,2,2019
43.655831,-79.363442,2,2019
43.670309,-79.405305,2,2019
43.645763,-79.39364,2,2019
43.651379,-79.406997,2,2019
43.658878,-79.349852,2,2019
43.665216,-79.377896,2,2019
43.659935,-79.417513,2,2019
43.641999,-79.429725,2,2019
43.665866,-79.385921,2,2019
43.645545,-79.369824,2,2019
43.638454,-79.392226,2,2019
43.648191,-79.354799,2,2019
43.646943,-79.417137,2,2019
43.656794,-79.365657,2,2019
43.662006,-79.384022,2,2019
43.676962,-79.389532,2,2019
43.66584,-79.384954,2,2019
43.663852,-79.402415,2,2019
43.656858,-79.405832,2,2019
43.656436,-79.384061,2,2019
43.639229,-79.426051,2,2019
43.666808,-79.370481,2,2019
43.666897,-79.422442,2,2019
43.659226,-79.385196,2,2019
43.678426,-79.412148,2,2019
43.657898,-79.363779,2,2019
43.651205,-79.420177,2,2019
43.688083,-79.394142,2,2019
43.659096,-79.382118,2,2019
43.633639,-79.421767,2,2019
43.675301,-79.388873,2,2019
43.643301,-79.398247,2,2019
43.661467,-79.386531,2,2019
43.656794,-79.365657,2,2019
43.660609,-79.357911,2,2019
43.652609,-79.394107,2,2019
43.660088,-79.348886,2,2019
43.672148,-79.42989,2,2019
43.687619,-79.423659,2,2019
43.651761,-79.382425,2,2019
43.640502,-79.383284,2,2019
43.66946,-79.40242,2,2019
43.661151,-79.429438,2,2019
43.667562,-79.385692,2,2019
43.655716,-79.383766,2,2019
43.655466,-79.388599,2,2019
43.64251,-79.42716,2,2019
43.68797,-79.350872,2,2019
43.655716,-79.383766,2,2019
43.657954,-79.379019,2,2019
43.654547,-79.384861,2,2019
43.662261,-79.406038,2,2019
43.652408,-79.388268,2,2019
43.667295,-79.373778,2,2019
43.67201,-79.370697,2,2019
43.648191,-79.354799,2,2019
43.648377,-79.368301,2,2019
43.655716,-79.383766,2,2019
43.670226,-79.386788,2,2019
43.660681,-79.374735,2,2019
43.658091,-79.353348,2,2019
43.669656,-79.37579,2,2019
43.65462,-79.369009,2,2019
43.65691,-79.351533,2,2019
43.667295,-79.373778,2,2019
43.647613,-79.402002,2,2019
43.669974,-79.388018,2,2019
43.644423,-79.394625,2,2019
43.632765,-79.35666,2,2019
43.67201,-79.370697,2,2019
43.673637,-79.42344,2,2019
43.659806,-79.409089,2,2019
43.64448,-79.417482,2,2019
43.638854,-79.386573,2,2019
43.645205,-79.413977,2,2019
43.656163,-79.370123,2,2019
43.662778,-79.42206,2,2019
43.65632,-79.368621,2,2019
43.674054,-79.428039,2,2019
43.641013,-79.41025,2,2019
43.638671,-79.413956,2,2019
43.671915,-79.379068,2,2019
43.688547,-79.355266,2,2019
43.675589,-79.388987,2,2019
43.631623,-79.427278,2,2019
43.656,-79.428265,2,2019
43.667597,-79.414783,2,2019
43.648832,-79.393461,2,2019
43.64432,-79.412813,2,2019
43.656275,-79.401753,2,2019
43.670226,-79.386788,2,2019
43.66319,-79.373062,2,2019
43.656267,-79.392291,2,2019
43.651456,-79.425559,2,2019
43.689437,-79.409516,2,2019
43.658514,-79.37637,2,2019
43.646053,-79.398996,2,2019
43.670258,-79.370407,2,2019
43.679679,-79.345156,2,2019
43.649024,-79.416654,2,2019
43.671266,-79.354529,2,2019
43.651528,-79.372365,2,2019
43.65691,-79.351533,2,2019
43.637441,-79.402682,2,2019
43.672037,-79.383579,2,2019
43.684213,-79.368892,2,2019
43.649131,-79.390796,2,2019
43.656973,-79.395167,2,2019
43.646054,-79.385562,2,2019
43.641132,-79.423727,2,2019
43.653347,-79.396165,2,2019
43.66584,-79.384954,2,2019
43.652412,-79.367421,2,2019
43.649615,-79.382131,2,2019
43.670936,-79.378875,2,2019
43.669447,-79.390585,2,2019
43.676812,-79.381734,2,2019
43.668173,-79.340401,2,2019
43.660654,-79.374851,2,2019
43.67255,-79.352946,2,2019
43.669245,-79.372831,2,2019
43.638671,-79.413956,2,2019
43.659802,-79.39992,2,2019
43.667758,-79.353384,2,2019
43.688992,-79.389887,2,2019
43.661564,-79.386099,2,2019
43.675904,-79.360448,2,2019
43.67201,-79.370697,2,2019
43.656267,-79.392291,2,2019
43.665723,-79.380959,2,2019
43.655149,-79.374971,2,2019
43.656964,-79.376703,2,2019
43.639946,-79.395628,2,2019
43.657308,-79.384416,2,2019
43.658211,-79.377855,2,2019
43.648851,-79.392088,2,2019
43.639964,-79.3802,2,2019
43.665585,-79.416592,2,2019
43.65206,-79.39868,2,2019
43.648961,-79.378822,2,2019
43.654063,-79.379974,2,2019
43.662419,-79.376717,2,2019
43.656749,-79.399591,2,2019
43.645631,-79.369855,2,2019
43.647321,-79.392859,2,2019
43.658511,-79.384894,2,2019
43.628398,-79.360648,2,2019
43.644749,-79.391795,2,2019
43.68597,-79.404788,2,2019
43.658514,-79.37637,2,2019
43.657653,-79.401846,2,2019
43.652059,-79.407275,2,2019
43.668802,-79.35303,2,2019
43.651379,-79.406997,2,2019
43.643726,-79.399785,2,2019
43.652152,-79.382336,2,2019
43.655716,-79.383766,2,2019
43.672466,-79.375893,2,2019
43.672638,-79.416772,2,2019
43.645292,-79.382471,2,2019
43.649402,-79.40274,2,2019
43.679679,-79.345156,2,2019
43.661151,-79.429438,2,2019
43.689433,-79.348816,2,2019
43.660816,-79.385855,2,2019
43.650395,-79.367892,2,2019
43.643097,-79.424375,2,2019
43.682124,-79.390869,2,2019
43.663365,-79.372266,2,2019
43.649347,-79.398799,2,2019
43.640206,-79.394431,2,2019
43.667295,-79.373778,2,2019
43.683932,-79.356949,2,2019
43.659859,-79.390495,2,2019
43.682143,-79.423453,2,2019
43.652764,-79.393437,2,2019
43.658744,-79.353752,2,2019
43.670804,-79.38421,2,2019
43.682143,-79.423453,2,2019
43.664403,-79.381636,2,2019
43.658511,-79.384894,2,2019
43.688648,-79.391492,2,2019
43.664647,-79.380521,2,2019
43.677145,-79.354057,2,2019
43.644573,-79.374057,2,2019
43.660719,-79.366533,2,2019
43.677557,-79.351966,2,2019
43.652627,-79.366462,2,2019
43.661227,-79.372236,2,2019
43.65588,-79.363224,2,2019
43.665824,-79.36535,2,2019
43.661179,-79.370544,2,2019
43.65226,-79.397792,2,2019
43.653933,-79.366733,2,2019
43.671266,-79.354529,2,2019
43.662588,-79.364038,2,2019
43.671915,-79.379068,2,2019
43.639946,-79.395628,2,2019
43.666703,-79.381363,2,2019
43.645545,-79.369824,2,2019
43.654078,-79.362739,2,2019
43.655716,-79.383766,2,2019
43.68797,-79.350872,2,2019
43.657308,-79.384416,2,2019
43.667295,-79.373778,2,2019
43.679679,-79.345156,2,2019
43.670258,-79.370407,2,2019
43.650232,-79.389477,2,2019
43.653108,-79.387582,2,2019
43.658485,-79.397036,2,2019
43.64306,-79.371385,2,2019
43.668033,-79.397381,2,2019
43.659496,-79.401626,2,2019
43.661564,-79.386099,2,2019
43.661564,-79.386099,2,2019
43.659859,-79.390495,2,2019
43.659859,-79.390495,2,2019
43.656436,-79.384061,2,2019
43.655716,-79.383766,2,2019
43.660654,-79.374851,2,2019
43.654803,-79.39428,2,2019
43.679679,-79.345156,2,2019
43.663021,-79.383789,2,2019
43.643341,-79.412454,2,2019
43.657308,-79.384416,2,2019
43.641013,-79.41025,2,2019
43.66882,-79.416573,2,2019
43.664937,-79.384596,2,2019
43.643247,-79.423614,2,2019
43.667162,-79.401539,2,2019
43.66872,-79.394141,2,2019
43.67201,-79.370697,2,2019
43.665723,-79.380959,2,2019
43.666236,-79.363526,2,2019
43.669245,-79.372831,2,2019
43.658037,-79.393045,2,2019
43.656267,-79.392291,2,2019
43.672466,-79.375893,2,2019
43.656807,-79.362569,2,2018
43.641013,-79.41025,2,2018
43.664937,-79.384596,2,2018
43.664937,-79.384596,2,2018
43.650464,-79.371914,2,2018
43.685026,-79.392854,2,2018
43.657416,-79.38137,2,2018
43.649483,-79.425824,2,2018
43.672162,-79.387584,2,2018
43.683951,-79.423897,2,2018
43.656436,-79.384061,2,2018
43.684164,-79.413394,2,2018
43.658701,-79.389984,2,2018
43.656821,-79.375666,2,2018
43.667373,-79.381638,2,2018
43.65977,-79.35756,2,2018
43.667295,-79.373778,2,2018
43.684455,-79.421442,2,2018
43.641461,-79.380869,2,2018
43.667517,-79.399836,2,2018
43.670226,-79.386788,2,2018
43.660943,-79.373565,2,2018
43.63811,-79.421581,2,2018
43.652048,-79.344293,2,2018
43.684164,-79.413394,2,2018
43.637464,-79.397227,2,2018
43.648411,-79.402364,2,2018
43.680344,-79.414388,2,2018
43.656163,-79.370123,2,2018
43.638454,-79.392226,2,2018
43.660439,-79.3759,2,2018
43.664937,-79.384596,2,2018
43.6501,-79.369074,2,2018
43.662137,-79.378008,2,2018
43.652944,-79.39805,2,2018
43.657383,-79.4032,2,2018
43.64206,-79.381113,2,2018
43.675553,-79.396941,2,2018
43.662416,-79.358688,2,2018
43.662419,-79.376717,2,2018
43.667373,-79.381638,2,2018
43.652918,-79.376952,2,2018
43.656479,-79.360514,2,2018
43.667295,-79.373778,2,2018
43.646384,-79.3841,2,2018
43.657416,-79.38137,2,2018
43.678279,-79.394496,2,2018
43.64042,-79.428834,2,2018
43.662699,-79.403867,2,2018
43.667095,-79.345196,2,2018
43.686145,-79.403883,2,2018
43.656482,-79.407723,2,2018
43.67201,-79.370697,2,2018
43.673862,-79.377404,2,2018
43.666161,-79.352911,2,2018
43.667635,-79.372208,2,2018
43.666657,-79.403871,2,2018
43.662778,-79.42206,2,2018
43.665318,-79.349114,2,2018
43.657551,-79.380767,2,2018
43.678806,-79.359623,2,2018
43.671889,-79.371458,2,2018
43.655896,-79.371444,2,2018
43.689433,-79.348816,2,2018
43.672359,-79.376854,2,2018
43.644973,-79.415076,2,2018
43.654952,-79.415609,2,2018
43.653108,-79.387582,2,2018
43.664937,-79.384596,2,2018
43.647924,-79.383579,2,2018
43.647321,-79.392859,2,2018
43.646882,-79.353735,2,2018
43.662156,-79.401748,2,2018
43.656482,-79.407723,2,2018
43.657416,-79.38137,2,2018
43.650262,-79.398163,2,2018
43.639404,-79.398005,2,2018
43.658295,-79.371032,2,2018
43.658172,-79.365501,2,2018
43.652682,-79.378092,2,2018
43.667706,-79.429333,2,2018
43.675562,-79.423094,2,2018
43.656482,-79.407723,2,2018
43.644542,-79.402956,2,2018
43.642043,-79.411971,2,2018
43.644547,-79.411619,2,2018
43.664937,-79.384596,2,2018
43.666621,-79.411788,2,2018
43.649586,-79.375962,2,2018
43.670753,-79.393081,2,2018
43.656482,-79.407723,2,2018
43.664286,-79.367982,2,2018
43.650893,-79.346962,2,2018
43.656649,-79.376562,2,2018
43.643247,-79.423614,2,2018
43.662334,-79.367191,2,2018
43.643007,-79.377824,2,2018
43.667758,-79.353384,2,2018
43.686643,-79.35978,2,2018
43.651379,-79.406997,2,2018
43.648393,-79.393278,2,2018
43.643247,-79.423614,2,2018
43.651055,-79.37874,2,2018
43.662136,-79.383422,2,2018
43.642766,-79.425998,2,2018
43.666236,-79.363526,2,2018
43.656995,-79.368828,2,2018
43.657416,-79.38137,2,2018
43.645471,-79.395047,2,2018
43.630426,-79.419784,2,2018
43.667548,-79.387908,2,2018
43.665389,-79.409993,2,2018
43.668033,-79.397381,2,2018
43.654322,-79.37877,2,2018
43.664937,-79.384596,2,2018
43.675869,-79.407493,2,2018
43.656263,-79.378317,2,2018
43.640869,-79.38064,2,2018
43.669254,-79.420641,2,2018
43.656482,-79.407723,2,2018
43.647456,-79.392189,2,2018
43.670936,-79.378875,2,2018
43.654952,-79.415609,2,2018
43.659096,-79.382118,2,2018
43.645097,-79.429699,2,2018
43.663697,-79.380111,2,2018
43.635903,-79.40373,2,2018
43.683167,-79.418301,2,2018
43.654911,-79.420274,2,2018
43.646054,-79.385562,2,2018
43.681052,-79.41748,2,2018
43.664607,-79.424155,2,2018
43.650464,-79.371914,2,2018
43.666359,-79.405355,2,2018
43.678013,-79.349623,2,2018
43.668425,-79.406411,2,2018
43.667295,-79.373778,2,2018
43.660111,-79.366287,2,2018
43.684425,-79.346925,2,2018
43.663697,-79.380111,2,2018
43.671622,-79.421544,2,2018
43.672359,-79.376854,2,2018
43.643726,-79.399785,2,2018
43.657416,-79.38137,2,2018
43.646289,-79.408583,2,2018
43.666679,-79.347035,2,2018
43.670753,-79.393081,2,2018
43.657304,-79.373459,2,2018
43.672359,-79.376854,2,2018
43.668349,-79.382056,2,2018
43.657213,-79.393999,2,2018
43.640856,-79.387623,2,2018
43.670256,-79.378585,2,2018
43.659859,-79.390495,2,2018
43.670038,-79.390826,2,2018
43.628662,-79.357854,2,2018
43.664913,-79.368994,2,2018
43.651451,-79.418942,2,2018
43.648374,-79.398178,2,2018
43.62661,-79.359126,2,2018
43.656163,-79.370123,2,2018
43.686643,-79.35978,2,2018
43.656263,-79.378317,2,2018
43.644726,-79.416303,2,2018
43.648091,-79.369578,2,2018
43.669147,-79.378119,2,2018
43.643247,-79.423614,2,2018
43.659096,-79.382118,2,2018
43.648831,-79.40465,2,2018
43.649673,-79.401312,2,2018
43.646853,-79.398395,2,2018
43.640856,-79.387623,2,2018
43.656163,-79.370123,2,2018
43.631431,-79.429182,2,2018
43.667916,-79.390427,2,2018
43.655768,-79.394663,2,2018
43.656163,-79.370123,2,2018
43.657949,-79.400048,2,2018
43.641644,-79.391904,2,2018
43.673203,-79.394062,2,2018
43.682754,-79.390339,2,2018
43.679039,-79.398352,2,2018
43.651893,-79.369855,2,2018
43.66592,-79.401037,2,2018
43.673688,-79.411844,2,2018
43.665723,-79.380959,2,2018
43.673148,-79.345016,2,2018
43.666703,-79.381363,2,2018
43.639099,-79.399282,2,2018
43.656832,-79.419795,2,2018
43.653893,-79.36928,2,2018
43.663697,-79.380111,2,2018
43.657304,-79.373459,2,2018
43.676962,-79.389532,2,2018
43.645276,-79.389245,2,2018
43.646605,-79.38303,2,2018
43.648442,-79.373787,2,2018
43.671248,-79.390726,2,2018
43.669669,-79.389508,2,2018
43.667706,-79.429333,2,2018
43.657459,-79.402827,2,2018
43.664937,-79.384596,2,2018
43.678659,-79.3682,2,2018
43.666703,-79.381363,2,2018
43.636759,-79.402395,2,2018
43.658295,-79.371032,2,2018
43.638308,-79.420575,2,2018
43.669368,-79.386425,2,2018
43.649329,-79.366113,2,2018
43.656995,-79.368828,2,2018
43.639229,-79.426051,2,2018
43.661876,-79.379375,2,2018
43.656749,-79.399591,2,2018
43.664782,-79.355293,2,2018
43.660529,-79.342506,2,2018
43.642113,-79.341221,2,2018
43.666621,-79.411788,2,2018
43.66779,-79.386757,2,2018
43.643926,-79.402706,2,2018
43.662467,-79.351361,2,2018
43.683167,-79.418301,2,2018
43.650278,-79.382402,2,2018
43.647438,-79.417323,2,2018
43.656482,-79.407723,2,2018
43.660529,-79.342506,2,2018
43.686643,-79.35978,2,2018
43.67572,-79.376248,2,2018
43.677977,-79.378424,2,2018
43.65691,-79.351533,2,2018
43.679944,-79.406159,2,2018
43.64489,-79.403106,2,2018
43.66584,-79.384954,2,2018
43.670562,-79.389844,2,2018
43.684625,-79.411169,2,2018
43.679303,-79.343085,2,2018
43.64034,-79.383188,2,2018
43.663585,-79.418417,2,2018
43.656163,-79.370123,2,2018
43.639964,-79.3802,2,2018
43.668089,-79.370098,2,2018
43.671298,-79.38722,2,2018
43.653207,-79.381286,2,2018
43.672188,-79.406042,2,2018
43.652412,-79.390667,2,2018
43.642113,-79.341221,2,2018
43.648583,-79.41909,2,2018
43.66428,-79.400407,2,2018
43.670753,-79.393081,2,2018
43.662044,-79.368539,2,2018
43.671889,-79.371458,2,2018
43.661436,-79.428205,2,2018
43.647188,-79.404011,2,2018
43.652818,-79.371605,2,2018
43.671357,-79.3902,2,2018
43.655466,-79.388599,2,2018
43.665723,-79.380959,2,2018
43.655909,-79.380087,2,2018
43.64291,-79.407719,2,2018
43.666145,-79.426043,2,2018
43.678279,-79.394496,2,2018
43.644204,-79.418862,2,2018
43.667311,-79.386553,2,2018
43.659096,-79.382118,2,2018
43.657551,-79.380767,2,2018
43.66584,-79.384954,2,2018
43.637324,-79.394372,2,2018
43.641461,-79.380869,2,2018
43.647188,-79.404011,2,2018
43.664463,-79.368057,2,2018
43.664937,-79.384596,2,2018
43.666285,-79.378347,2,2018
43.649615,-79.382131,2,2018
43.660439,-79.3759,2,2018
43.650149,-79.400501,2,2018
43.668742,-79.38616,2,2018
43.683944,-79.344792,2,2018
43.643247,-79.423614,2,2018
43.639431,-79.386817,2,2018
43.6482,-79.388684,2,2018
43.666285,-79.378347,2,2018
43.684455,-79.421442,2,2018
43.68171,-79.42572,2,2018
43.635897,-79.401986,2,2018
43.685936,-79.422072,2,2018
43.656482,-79.407723,2,2018
43.64428,-79.384813,2,2018
43.66186,-79.354504,2,2018
43.646885,-79.376974,2,2018
43.652944,-79.39805,2,2018
43.658632,-79.35093,2,2018
43.666808,-79.370481,2,2018
43.664955,-79.379101,2,2018
43.647188,-79.404011,2,2018
43.658744,-79.353752,2,2018
43.661374,-79.363546,2,2018
43.644062,-79.37577,2,2018
43.66584,-79.384954,2,2018
43.676962,-79.389532,2,2018
43.655466,-79.388599,2,2018
43.64306,-79.371385,2,2018
43.638153,-79.397541,2,2018
43.655004,-79.353553,2,2018
