lat,lng,severity,acclass,year
43.661939,-79.367011,3,Fatal Injury,2026
43.684959,-79.362721,3,Fatal Injury,2026
43.669709,-79.395651,3,Fatal Injury,2026
43.669709,-79.395651,3,Fatal Injury,2026
43.661939,-79.367011,3,Fatal Injury,2026
43.684959,-79.362721,3,Fatal Injury,2026
43.641903,-79.412732,3,Fatal Injury,2025
43.641903,-79.412732,3,Fatal Injury,2025
43.645818,-79.370155,3,Fatal Injury,2025
43.645818,-79.370155,3,Fatal Injury,2025
43.645818,-79.370155,3,Fatal Injury,2025
43.645818,-79.370155,3,Fatal Injury,2025
43.645818,-79.370155,3,Fatal Injury,2025
43.645818,-79.370155,3,Fatal Injury,2025
43.645818,-79.370155,3,Fatal Injury,2025
43.659867,-79.378509,3,Non-Fatal Injury,2025
43.657289,-79.370601,3,Fatal Injury,2025
43.657289,-79.370601,3,Fatal Injury,2025
43.649026,-79.352106,3,Fatal Injury,2024
43.649026,-79.352106,3,Fatal Injury,2024
43.681151,-79.367909,3,Fatal Injury,2024
43.681151,-79.367909,3,Fatal Injury,2024
43.672144,-79.395535,3,Fatal Injury,2024
43.672144,-79.395535,3,Fatal Injury,2024
43.635734,-79.418407,3,Fatal Injury,2024
43.635734,-79.418407,3,Fatal Injury,2024
43.656257,-79.361546,3,Fatal Injury,2024
43.656257,-79.361546,3,Fatal Injury,2024
43.656257,-79.361546,3,Fatal Injury,2024
43.650092,-79.349162,3,Fatal Injury,2024
43.650092,-79.349162,3,Fatal Injury,2024
43.650092,-79.349162,3,Fatal Injury,2024
43.650092,-79.349162,3,Fatal Injury,2024
43.650092,-79.349162,3,Fatal Injury,2024
43.658062,-79.353975,3,Fatal Injury,2024
43.658062,-79.353975,3,Fatal Injury,2024
43.662332,-79.425811,3,Fatal Injury,2024
43.662332,-79.425811,3,Fatal Injury,2024
43.668908,-79.393227,3,Fatal Injury,2024
43.668908,-79.393227,3,Fatal Injury,2024
43.635734,-79.418407,3,Fatal Injury,2024
43.635734,-79.418407,3,Fatal Injury,2024
43.635734,-79.418407,3,Fatal Injury,2024
43.635734,-79.418407,3,Fatal Injury,2024
43.672358,-79.379529,3,Fatal Injury,2023
43.672358,-79.379529,3,Fatal Injury,2023
43.645449,-79.369916,3,Fatal Injury,2023
43.645449,-79.369916,3,Fatal Injury,2023
43.648081,-79.376012,3,Fatal Injury,2023
43.648081,-79.376012,3,Fatal Injury,2023
43.648081,-79.376012,3,Fatal Injury,2023
43.648081,-79.376012,3,Fatal Injury,2023
43.648081,-79.376012,3,Fatal Injury,2023
43.648081,-79.376012,3,Fatal Injury,2023
43.641585,-79.349553,3,Fatal Injury,2023
43.641585,-79.349553,3,Fatal Injury,2023
43.660742,-79.385815,3,Fatal Injury,2022
43.660742,-79.385815,3,Fatal Injury,2022
43.656187,-79.378277,3,Fatal Injury,2022
43.656187,-79.378277,3,Fatal Injury,2022
43.656187,-79.378277,3,Fatal Injury,2022
43.644991,-79.394864,3,Fatal Injury,2022
43.644991,-79.394864,3,Fatal Injury,2022
43.630167,-79.426129,3,Fatal Injury,2022
43.630167,-79.426129,3,Fatal Injury,2022
43.646311,-79.384061,3,Fatal Injury,2022
43.646311,-79.384061,3,Fatal Injury,2022
43.646311,-79.384061,3,Fatal Injury,2022
43.646311,-79.384061,3,Fatal Injury,2022
43.646311,-79.384061,3,Fatal Injury,2022
43.646311,-79.384061,3,Fatal Injury,2022
43.646311,-79.384061,3,Fatal Injury,2022
43.646311,-79.384061,3,Fatal Injury,2022
43.646311,-79.384061,3,Fatal Injury,2022
43.646311,-79.384061,3,Fatal Injury,2022
43.661299,-79.383069,3,Fatal Injury,2022
43.661299,-79.383069,3,Fatal Injury,2022
43.661299,-79.383069,3,Fatal Injury,2022
43.68801,-79.394101,3,Fatal Injury,2022
43.68801,-79.394101,3,Fatal Injury,2022
43.652869,-79.398007,3,Fatal Injury,2022
43.652869,-79.398007,3,Fatal Injury,2022
43.652201,-79.401105,3,Fatal Injury,2021
43.652201,-79.401105,3,Fatal Injury,2021
43.652201,-79.401105,3,Fatal Injury,2021
43.658202,-79.37103,3,Fatal Injury,2021
43.658202,-79.37103,3,Fatal Injury,2021
43.662264,-79.35526,3,Fatal Injury,2021
43.662264,-79.35526,3,Fatal Injury,2021
43.668646,-79.394101,3,Fatal Injury,2021
43.668646,-79.394101,3,Fatal Injury,2021
43.640932,-79.38065,3,Fatal Injury,2021
43.640932,-79.38065,3,Fatal Injury,2021
43.635599,-79.398328,3,Fatal Injury,2021
43.635599,-79.398328,3,Fatal Injury,2021
43.659785,-79.390454,3,Fatal Injury,2021
43.659785,-79.390454,3,Fatal Injury,2021
43.662001,-79.35516,3,Fatal Injury,2021
43.662001,-79.35516,3,Fatal Injury,2021
43.662001,-79.35516,3,Fatal Injury,2021
43.658221,-79.370991,3,Fatal Injury,2021
43.658221,-79.370991,3,Fatal Injury,2021
43.645502,-79.369816,3,Fatal Injury,2021
43.645502,-79.369816,3,Fatal Injury,2021
43.651617,-79.378949,3,Fatal Injury,2021
43.651617,-79.378949,3,Fatal Injury,2021
43.651617,-79.378949,3,Fatal Injury,2021
43.651617,-79.378949,3,Fatal Injury,2021
43.651617,-79.378949,3,Fatal Injury,2021
43.651617,-79.378949,3,Fatal Injury,2021
43.651617,-79.378949,3,Fatal Injury,2021
43.651617,-79.378949,3,Fatal Injury,2021
43.651617,-79.378949,3,Fatal Injury,2021
43.64892,-79.356,3,Fatal Injury,2020
43.64892,-79.356,3,Fatal Injury,2020
43.651957,-79.402226,3,Fatal Injury,2020
43.651957,-79.402226,3,Fatal Injury,2020
43.671549,-79.421506,3,Fatal Injury,2020
43.671549,-79.421506,3,Fatal Injury,2020
43.651259,-79.357358,3,Fatal Injury,2020
43.651259,-79.357358,3,Fatal Injury,2020
43.659567,-79.375561,3,Fatal Injury,2020
43.659567,-79.375561,3,Fatal Injury,2020
43.648466,-79.385311,3,Fatal Injury,2019
43.648466,-79.385311,3,Fatal Injury,2019
43.663755,-79.410679,3,Fatal Injury,2019
43.663755,-79.410679,3,Fatal Injury,2019
43.672285,-79.376813,3,Fatal Injury,2019
43.672285,-79.376813,3,Fatal Injury,2019
43.660287,-79.361744,3,Fatal Injury,2019
43.660287,-79.361744,3,Fatal Injury,2019
43.652609,-79.378056,3,Fatal Injury,2019
43.652609,-79.378056,3,Fatal Injury,2019
43.681639,-79.425679,3,Fatal Injury,2019
43.681639,-79.425679,3,Fatal Injury,2019
43.649541,-79.382092,3,Fatal Injury,2018
43.649541,-79.382092,3,Fatal Injury,2018
43.658186,-79.398159,3,Fatal Injury,2018
43.658186,-79.398159,3,Fatal Injury,2018
43.684389,-79.383663,3,Fatal Injury,2018
43.684389,-79.383663,3,Fatal Injury,2018
43.630514,-79.427159,3,Fatal Injury,2018
43.630514,-79.427159,3,Fatal Injury,2018
43.630514,-79.427159,3,Fatal Injury,2018
43.630514,-79.427159,3,Fatal Injury,2018
43.667444,-79.3998,3,Fatal Injury,2018
43.667444,-79.3998,3,Fatal Injury,2018
43.663324,-79.369694,3,Fatal Injury,2018
43.663324,-79.369694,3,Fatal Injury,2018
43.658514,-79.350941,3,Fatal Injury,2018
43.658514,-79.350941,3,Fatal Injury,2018
43.658514,-79.350941,3,Fatal Injury,2018
43.663293,-79.426228,3,Fatal Injury,2018
43.663293,-79.426228,3,Fatal Injury,2018
43.67512,-79.394154,3,Fatal Injury,2018
43.67512,-79.394154,3,Fatal Injury,2018
43.67512,-79.394154,3,Fatal Injury,2018
43.648973,-79.36726,3,Fatal Injury,2017
43.648973,-79.36726,3,Fatal Injury,2017
43.637956,-79.395634,3,Fatal Injury,2017
43.637956,-79.395634,3,Fatal Injury,2017
43.64982,-79.380772,3,Fatal Injury,2017
43.64982,-79.380772,3,Fatal Injury,2017
43.667635,-79.378895,3,Fatal Injury,2017
43.667635,-79.378895,3,Fatal Injury,2017
43.651315,-79.397404,3,Fatal Injury,2017
43.651315,-79.397404,3,Fatal Injury,2017
43.680994,-79.368061,3,Fatal Injury,2017
43.680994,-79.368061,3,Fatal Injury,2017
43.680994,-79.368061,3,Fatal Injury,2017
43.65822,-79.370991,3,Fatal Injury,2017
43.65822,-79.370991,3,Fatal Injury,2017
43.65822,-79.370991,3,Fatal Injury,2017
43.65835,-79.370533,3,Fatal Injury,2017
43.65835,-79.370533,3,Fatal Injury,2017
43.6495,-79.428959,3,Fatal Injury,2017
43.6495,-79.428959,3,Fatal Injury,2017
43.682851,-79.357182,3,Fatal Injury,2017
43.682851,-79.357182,3,Fatal Injury,2017
43.67996,-79.389859,3,Fatal Injury,2017
43.67996,-79.389859,3,Fatal Injury,2017
43.648542,-79.373822,3,Fatal Injury,2017
43.648542,-79.373822,3,Fatal Injury,2017
43.654325,-79.422665,3,Fatal Injury,2017
43.654325,-79.422665,3,Fatal Injury,2017
43.653719,-79.373242,3,Fatal Injury,2016
43.653719,-79.373242,3,Fatal Injury,2016
43.651472,-79.367009,3,Fatal Injury,2016
43.651472,-79.367009,3,Fatal Injury,2016
43.640691,-79.392285,3,Fatal Injury,2016
43.640691,-79.392285,3,Fatal Injury,2016
43.640691,-79.392285,3,Fatal Injury,2016
43.645872,-79.36343,3,Fatal Injury,2016
43.645872,-79.36343,3,Fatal Injury,2016
43.671198,-79.423725,3,Fatal Injury,2016
43.671198,-79.423725,3,Fatal Injury,2016
43.671198,-79.423725,3,Fatal Injury,2016
43.656931,-79.364994,3,Fatal Injury,2016
43.656931,-79.364994,3,Fatal Injury,2016
43.642065,-79.377453,3,Fatal Injury,2016
43.642065,-79.377453,3,Fatal Injury,2016
43.680723,-79.382405,3,Fatal Injury,2016
43.680723,-79.382405,3,Fatal Injury,2016
43.680723,-79.382405,3,Fatal Injury,2016
43.680723,-79.382405,3,Fatal Injury,2016
43.681226,-79.427662,3,Fatal Injury,2016
43.681226,-79.427662,3,Fatal Injury,2016
43.681226,-79.427662,3,Fatal Injury,2016
43.641405,-79.349179,3,Fatal Injury,2016
43.656095,-79.409489,3,Fatal Injury,2016
43.656095,-79.409489,3,Fatal Injury,2016
43.656095,-79.409489,3,Fatal Injury,2016
43.656095,-79.409489,3,Fatal Injury,2016
43.657777,-79.373677,3,Fatal Injury,2016
43.657777,-79.373677,3,Fatal Injury,2016
43.671934,-79.370655,3,Fatal Injury,2016
43.671934,-79.370655,3,Fatal Injury,2016
43.671934,-79.370655,3,Fatal Injury,2016
43.671934,-79.370655,3,Fatal Injury,2016
43.669096,-79.352986,3,Fatal Injury,2015
43.657739,-79.3708,3,Fatal Injury,2015
43.657739,-79.3708,3,Fatal Injury,2015
43.681032,-79.42886,3,Fatal Injury,2015
43.681032,-79.42886,3,Fatal Injury,2015
43.637426,-79.412121,3,Fatal Injury,2015
43.665819,-79.352764,3,Fatal Injury,2015
43.665819,-79.352764,3,Fatal Injury,2015
43.664442,-79.342381,3,Fatal Injury,2015
43.664442,-79.342381,3,Fatal Injury,2015
43.664442,-79.342381,3,Fatal Injury,2015
43.664442,-79.342381,3,Fatal Injury,2015
43.671625,-79.365841,3,Fatal Injury,2015
43.671625,-79.365841,3,Fatal Injury,2015
43.679422,-79.382313,3,Fatal Injury,2015
43.679422,-79.382313,3,Fatal Injury,2015
43.674711,-79.396595,3,Fatal Injury,2015
43.674711,-79.396595,3,Fatal Injury,2015
43.655328,-79.36575,3,Fatal Injury,2015
43.655328,-79.36575,3,Fatal Injury,2015
43.65254,-79.399861,3,Fatal Injury,2014
43.65254,-79.399861,3,Fatal Injury,2014
43.652261,-79.401135,3,Fatal Injury,2014
43.652261,-79.401135,3,Fatal Injury,2014
43.652261,-79.401135,3,Fatal Injury,2014
43.652261,-79.401135,3,Fatal Injury,2014
43.675115,-79.357846,3,Fatal Injury,2014
43.656084,-79.362255,3,Fatal Injury,2014
43.656084,-79.362255,3,Fatal Injury,2014
43.656084,-79.362255,3,Fatal Injury,2014
43.655386,-79.379864,3,Fatal Injury,2014
43.655386,-79.379864,3,Fatal Injury,2014
43.687524,-79.396794,3,Fatal Injury,2014
43.687524,-79.396794,3,Fatal Injury,2014
43.655573,-79.412014,3,Fatal Injury,2014
43.655573,-79.412014,3,Fatal Injury,2014
43.655573,-79.412014,3,Fatal Injury,2014
43.657858,-79.374883,2,Non-Fatal Injury,2026
43.652447,-79.375441,2,Non-Fatal Injury,2026
43.665938,-79.39188,2,Non-Fatal Injury,2026
43.637957,-79.401507,2,Non-Fatal Injury,2026
43.652595,-79.372741,2,Non-Fatal Injury,2026
43.646828,-79.395155,2,Non-Fatal Injury,2026
43.660536,-79.342473,2,Non-Fatal Injury,2026
43.646696,-79.403813,2,Non-Fatal Injury,2026
43.67817,-79.398022,2,Non-Fatal Injury,2025
43.657047,-79.37452,2,Non-Fatal Injury,2025
43.645548,-79.394486,2,Non-Fatal Injury,2025
43.683294,-79.360207,2,Non-Fatal Injury,2025
43.639137,-79.410819,2,Non-Fatal Injury,2025
43.666204,-79.393177,2,Non-Fatal Injury,2025
43.657744,-79.354924,2,Non-Fatal Injury,2025
43.659815,-79.409092,2,Non-Fatal Injury,2025
43.662146,-79.372593,2,Non-Fatal Injury,2025
43.637517,-79.410931,2,Non-Fatal Injury,2025
43.673362,-79.399401,2,Non-Fatal Injury,2025
43.666284,-79.378353,2,Non-Fatal Injury,2025
43.658126,-79.340186,2,Non-Fatal Injury,2025
43.663911,-79.417177,2,Non-Fatal Injury,2025
43.681238,-79.417649,2,Non-Fatal Injury,2025
43.661188,-79.384007,2,Non-Fatal Injury,2025
43.658237,-79.398163,2,Non-Fatal Injury,2025
43.638894,-79.386403,2,Non-Fatal Injury,2025
43.661142,-79.42938,2,Non-Fatal Injury,2025
43.673439,-79.389455,2,Non-Fatal Injury,2025
43.630152,-79.423238,2,Non-Fatal Injury,2025
43.63974,-79.393372,2,Non-Fatal Injury,2025
43.646052,-79.378804,2,Non-Fatal Injury,2025
43.644449,-79.399999,2,Non-Fatal Injury,2025
43.651346,-79.405614,2,Non-Fatal Injury,2025
43.646263,-79.378987,2,Non-Fatal Injury,2025
43.668124,-79.385844,2,Non-Fatal Injury,2025
43.641075,-79.380714,2,Non-Fatal Injury,2025
43.663708,-79.418429,2,Non-Fatal Injury,2025
43.679798,-79.345187,2,Non-Fatal Injury,2025
43.653168,-79.375771,2,Non-Fatal Injury,2025
43.671117,-79.413619,2,Non-Fatal Injury,2025
43.670813,-79.384175,2,Non-Fatal Injury,2025
43.649424,-79.389163,2,Non-Fatal Injury,2025
43.662221,-79.352232,2,Non-Fatal Injury,2025
43.658659,-79.369489,2,Non-Fatal Injury,2025
43.660624,-79.342015,2,Non-Fatal Injury,2025
43.671476,-79.390244,2,Non-Fatal Injury,2025
43.687147,-79.410184,2,Non-Fatal Injury,2025
43.639972,-79.38045,2,Non-Fatal Injury,2025
43.655023,-79.367132,2,Non-Fatal Injury,2025
43.665673,-79.410077,2,Non-Fatal Injury,2025
43.683149,-79.418425,2,Non-Fatal Injury,2025
43.658313,-79.397833,2,Non-Fatal Injury,2025
43.652746,-79.393389,2,Non-Fatal Injury,2025
43.658448,-79.370397,2,Non-Fatal Injury,2025
43.666575,-79.385213,2,Non-Fatal Injury,2025
43.664942,-79.384582,2,Non-Fatal Injury,2025
43.664801,-79.341571,2,Non-Fatal Injury,2025
43.67027,-79.394697,2,Non-Fatal Injury,2025
43.641978,-79.374562,2,Non-Fatal Injury,2025
43.662792,-79.379798,2,Non-Fatal Injury,2025
43.651755,-79.354764,2,Non-Fatal Injury,2025
43.67557,-79.423062,2,Non-Fatal Injury,2025
43.685792,-79.347346,2,Non-Fatal Injury,2025
43.664757,-79.355308,2,Non-Fatal Injury,2025
43.647658,-79.401685,2,Non-Fatal Injury,2024
43.645998,-79.379101,2,Non-Fatal Injury,2024
43.681898,-79.391514,2,Non-Fatal Injury,2024
43.656191,-79.378239,2,Non-Fatal Injury,2024
43.657954,-79.408314,2,Non-Fatal Injury,2024
43.657954,-79.408314,2,Non-Fatal Injury,2024
43.661299,-79.383069,2,Non-Fatal Injury,2024
43.664992,-79.378514,2,Non-Fatal Injury,2024
43.642763,-79.407796,2,Non-Fatal Injury,2024
43.673033,-79.36916,2,Non-Fatal Injury,2024
43.688815,-79.428288,2,Non-Fatal Injury,2024
43.67866,-79.368176,2,Non-Fatal Injury,2024
43.654402,-79.422673,2,Non-Fatal Injury,2024
43.674383,-79.402981,2,Non-Fatal Injury,2024
43.649561,-79.428098,2,Non-Fatal Injury,2024
43.675446,-79.404797,2,Non-Fatal Injury,2024
43.639292,-79.410832,2,Non-Fatal Injury,2024
43.645689,-79.409764,2,Non-Fatal Injury,2024
43.651701,-79.397694,2,Non-Fatal Injury,2024
43.638811,-79.391232,2,Non-Fatal Injury,2024
43.648264,-79.380238,2,Non-Fatal Injury,2024
43.648726,-79.38634,2,Non-Fatal Injury,2024
43.651041,-79.405522,2,Non-Fatal Injury,2024
43.651041,-79.405522,2,Non-Fatal Injury,2024
43.670543,-79.38552,2,Non-Fatal Injury,2024
43.64988,-79.371564,2,Non-Fatal Injury,2024
43.67379,-79.356695,2,Non-Fatal Injury,2024
43.641986,-79.381074,2,Non-Fatal Injury,2024
43.648976,-79.393283,2,Non-Fatal Injury,2024
43.646403,-79.392382,2,Non-Fatal Injury,2024
43.6679,-79.412346,2,Non-Fatal Injury,2024
43.642852,-79.393734,2,Non-Fatal Injury,2024
43.649074,-79.356282,2,Non-Fatal Injury,2024
43.659399,-79.374338,2,Non-Fatal Injury,2024
43.630537,-79.419721,2,Non-Fatal Injury,2024
43.657165,-79.363735,2,Non-Fatal Injury,2024
43.650112,-79.349912,2,Non-Fatal Injury,2024
43.64231,-79.410688,2,Non-Fatal Injury,2024
43.654727,-79.421472,2,Non-Fatal Injury,2024
43.649515,-79.361834,2,Non-Fatal Injury,2024
43.67044,-79.34398,2,Non-Fatal Injury,2024
43.638516,-79.392057,2,Non-Fatal Injury,2024
43.638516,-79.392057,2,Non-Fatal Injury,2024
43.638516,-79.392057,2,Non-Fatal Injury,2024
43.679561,-79.366703,2,Non-Fatal Injury,2024
43.659502,-79.391797,2,Non-Fatal Injury,2024
43.674985,-79.39656,2,Non-Fatal Injury,2024
43.685245,-79.349881,2,Non-Fatal Injury,2024
43.67079,-79.405556,2,Non-Fatal Injury,2024
43.667512,-79.369216,2,Non-Fatal Injury,2024
43.665157,-79.380674,2,Non-Fatal Injury,2024
43.67071,-79.354184,2,Non-Fatal Injury,2024
43.665224,-79.398938,2,Non-Fatal Injury,2024
43.636589,-79.399275,2,Non-Fatal Injury,2024
43.666199,-79.378333,2,Non-Fatal Injury,2024
43.658778,-79.395703,2,Non-Fatal Injury,2024
43.657107,-79.374554,2,Non-Fatal Injury,2023
43.64778,-79.400769,2,Non-Fatal Injury,2023
43.652865,-79.37682,2,Non-Fatal Injury,2023
43.647486,-79.402539,2,Non-Fatal Injury,2023
43.647486,-79.402539,2,Non-Fatal Injury,2023
43.672064,-79.377927,2,Non-Fatal Injury,2023
43.64427,-79.367779,2,Non-Fatal Injury,2023
43.652953,-79.398022,2,Non-Fatal Injury,2023
43.646899,-79.401135,2,Non-Fatal Injury,2023
43.650214,-79.385106,2,Non-Fatal Injury,2023
43.654291,-79.406804,2,Non-Fatal Injury,2023
43.672015,-79.354893,2,Non-Fatal Injury,2023
43.655714,-79.380612,2,Non-Fatal Injury,2023
43.655367,-79.373891,2,Non-Fatal Injury,2023
43.684691,-79.357365,2,Non-Fatal Injury,2023
43.674006,-79.396275,2,Non-Fatal Injury,2023
43.635489,-79.406682,2,Non-Fatal Injury,2023
43.672304,-79.377118,2,Non-Fatal Injury,2023
43.667301,-79.37373,2,Non-Fatal Injury,2023
43.663931,-79.343831,2,Non-Fatal Injury,2023
43.668715,-79.375325,2,Non-Fatal Injury,2023
43.688181,-79.403859,2,Non-Fatal Injury,2023
43.6574,-79.381329,2,Non-Fatal Injury,2023
43.675375,-79.404713,2,Non-Fatal Injury,2023
43.644469,-79.416211,2,Non-Fatal Injury,2023
43.651572,-79.362706,2,Non-Fatal Injury,2023
43.640997,-79.383473,2,Non-Fatal Injury,2023
43.645548,-79.369794,2,Non-Fatal Injury,2023
43.659205,-79.381558,2,Non-Fatal Injury,2023
43.655222,-79.398968,2,Non-Fatal Injury,2023
43.646742,-79.395535,2,Non-Fatal Injury,2023
43.643496,-79.422375,2,Non-Fatal Injury,2023
43.680724,-79.391057,2,Non-Fatal Injury,2023
43.643103,-79.371052,2,Non-Fatal Injury,2023
43.649031,-79.386792,2,Non-Fatal Injury,2023
43.658266,-79.398167,2,Non-Fatal Injury,2023
43.659426,-79.347417,2,Non-Fatal Injury,2023
43.659155,-79.348622,2,Non-Fatal Injury,2023
43.66704,-79.399647,2,Non-Fatal Injury,2023
43.678099,-79.388714,2,Non-Fatal Injury,2023
43.669672,-79.389477,2,Non-Fatal Injury,2023
43.642405,-79.427815,2,Non-Fatal Injury,2023
43.644286,-79.384778,2,Non-Fatal Injury,2023
43.661303,-79.357724,2,Non-Fatal Injury,2023
43.643198,-79.402364,2,Non-Fatal Injury,2023
43.651282,-79.380826,2,Non-Fatal Injury,2023
43.670161,-79.382779,2,Non-Fatal Injury,2023
43.640417,-79.388898,2,Non-Fatal Injury,2023
43.664854,-79.341572,2,Non-Fatal Injury,2023
43.683935,-79.356915,2,Non-Fatal Injury,2023
43.666045,-79.392308,2,Non-Fatal Injury,2023
43.671698,-79.38519,2,Non-Fatal Injury,2023
43.660113,-79.3718,2,Non-Fatal Injury,2023
43.64958,-79.392468,2,Non-Fatal Injury,2023
43.641817,-79.380421,2,Non-Fatal Injury,2023
43.676806,-79.412205,2,Non-Fatal Injury,2023
43.656069,-79.380818,2,Non-Fatal Injury,2023
43.688086,-79.394108,2,Non-Fatal Injury,2023
43.675814,-79.402562,2,Non-Fatal Injury,2023
43.642817,-79.393643,2,Non-Fatal Injury,2023
43.649058,-79.372151,2,Non-Fatal Injury,2023
43.640913,-79.377515,2,Non-Fatal Injury,2023
43.660174,-79.427701,2,Non-Fatal Injury,2022
43.636824,-79.414433,2,Non-Fatal Injury,2022
43.647951,-79.404286,2,Non-Fatal Injury,2022
43.67169,-79.341855,2,Non-Fatal Injury,2022
43.64184,-79.401852,2,Non-Fatal Injury,2022
43.658163,-79.385915,2,Non-Fatal Injury,2022
43.64876,-79.396352,2,Non-Fatal Injury,2022
43.677824,-79.35011,2,Non-Fatal Injury,2022
43.639536,-79.347294,2,Non-Fatal Injury,2022
43.655512,-79.411855,2,Non-Fatal Injury,2022
43.645483,-79.364285,2,Non-Fatal Injury,2022
43.649313,-79.422742,2,Non-Fatal Injury,2022
43.662306,-79.423665,2,Non-Fatal Injury,2022
43.654005,-79.362698,2,Non-Fatal Injury,2022
43.648482,-79.396252,2,Non-Fatal Injury,2022
43.645773,-79.410748,2,Non-Fatal Injury,2022
43.672063,-79.390492,2,Non-Fatal Injury,2022
43.650336,-79.37843,2,Non-Fatal Injury,2022
43.645659,-79.400594,2,Non-Fatal Injury,2022
43.632376,-79.410893,2,Non-Fatal Injury,2022
43.638579,-79.428822,2,Non-Fatal Injury,2022
43.641997,-79.37988,2,Non-Fatal Injury,2022
43.644316,-79.374989,2,Non-Fatal Injury,2022
43.656252,-79.388936,2,Non-Fatal Injury,2022
43.641688,-79.380948,2,Non-Fatal Injury,2022
43.670023,-79.42899,2,Property Damage Only,2022
43.655848,-79.391499,2,Non-Fatal Injury,2022
43.652369,-79.379224,2,Non-Fatal Injury,2022
43.631171,-79.429265,2,Non-Fatal Injury,2022
43.636423,-79.415784,2,Non-Fatal Injury,2022
43.63666,-79.414517,2,Non-Fatal Injury,2022
43.682493,-79.362988,2,Non-Fatal Injury,2022
43.649706,-79.374959,2,Non-Fatal Injury,2022
43.657664,-79.401334,2,Non-Fatal Injury,2022
43.666567,-79.35632,2,Non-Fatal Injury,2022
43.648947,-79.355069,2,Non-Fatal Injury,2022
43.648947,-79.355069,2,Non-Fatal Injury,2022
43.652685,-79.377606,2,Non-Fatal Injury,2022
43.662413,-79.376691,2,Non-Fatal Injury,2022
43.64379,-79.429196,2,Non-Fatal Injury,2022
43.665041,-79.411175,2,Non-Fatal Injury,2022
43.661982,-79.425626,2,Non-Fatal Injury,2022
43.673144,-79.414357,2,Non-Fatal Injury,2022
43.661509,-79.409741,2,Non-Fatal Injury,2022
43.654646,-79.421452,2,Non-Fatal Injury,2022
43.643286,-79.42291,2,Non-Fatal Injury,2022
43.683192,-79.346417,2,Non-Fatal Injury,2022
43.638747,-79.400578,2,Non-Fatal Injury,2022
43.643412,-79.391263,2,Non-Fatal Injury,2022
43.665648,-79.375508,2,Non-Fatal Injury,2022
43.641364,-79.414983,2,Non-Fatal Injury,2022
43.645506,-79.369794,2,Non-Fatal Injury,2022
43.662856,-79.421269,2,Non-Fatal Injury,2022
43.659552,-79.355397,2,Non-Fatal Injury,2021
43.653647,-79.396748,2,Non-Fatal Injury,2021
43.652239,-79.40598,2,Non-Fatal Injury,2021
43.662947,-79.383748,2,Non-Fatal Injury,2021
43.650522,-79.347615,2,Non-Fatal Injury,2021
43.646342,-79.361943,2,Non-Fatal Injury,2021
43.636412,-79.399609,2,Non-Fatal Injury,2021
43.653208,-79.359608,2,Non-Fatal Injury,2021
43.653208,-79.359608,2,Non-Fatal Injury,2021
43.64184,-79.401852,2,Non-Fatal Injury,2021
43.658922,-79.349286,2,Non-Fatal Injury,2021
43.652239,-79.40598,2,Non-Fatal Injury,2021
43.655276,-79.398968,2,Non-Fatal Injury,2021
43.661261,-79.389973,2,Non-Fatal Injury,2021
43.681242,-79.404118,2,Non-Fatal Injury,2021
43.641386,-79.380833,2,Non-Fatal Injury,2021
43.641386,-79.380833,2,Non-Fatal Injury,2021
43.654486,-79.363988,2,Non-Fatal Injury,2021
43.654486,-79.363988,2,Non-Fatal Injury,2021
43.65161,-79.382748,2,Non-Fatal Injury,2021
43.656637,-79.352528,2,Non-Fatal Injury,2021
43.646216,-79.408543,2,Non-Fatal Injury,2021
43.64173,-79.380688,2,Non-Fatal Injury,2021
43.660609,-79.374699,2,Non-Fatal Injury,2021
43.642672,-79.393903,2,Non-Fatal Injury,2021
43.645636,-79.370396,2,Non-Fatal Injury,2021
43.636385,-79.399609,2,Non-Fatal Injury,2021
43.657763,-79.359296,2,Non-Fatal Injury,2021
43.642664,-79.393887,2,Non-Fatal Injury,2021
43.650992,-79.346562,2,Non-Fatal Injury,2021
43.665507,-79.411366,2,Non-Fatal Injury,2021
43.652586,-79.357953,2,Non-Fatal Injury,2021
43.640597,-79.383137,2,Non-Fatal Injury,2021
43.640597,-79.383137,2,Non-Fatal Injury,2021
43.647055,-79.393704,2,Non-Fatal Injury,2021
43.67922,-79.344952,2,Non-Fatal Injury,2021
43.659201,-79.381184,2,Non-Fatal Injury,2021
43.636153,-79.410336,2,Non-Fatal Injury,2021
43.674635,-79.39288,2,Non-Fatal Injury,2021
43.653033,-79.397221,2,Non-Fatal Injury,2021
43.650465,-79.347722,2,Non-Fatal Injury,2021
43.646311,-79.384061,2,Non-Fatal Injury,2021
43.667704,-79.357983,2,Non-Fatal Injury,2021
43.649382,-79.389142,2,Non-Fatal Injury,2021
43.670489,-79.389806,2,Non-Fatal Injury,2021
43.6743,-79.399808,2,Non-Fatal Injury,2021
43.636412,-79.399609,2,Non-Fatal Injury,2021
43.673525,-79.349965,2,Non-Fatal Injury,2021
43.657488,-79.369,2,Non-Fatal Injury,2021
43.659735,-79.409047,2,Non-Fatal Injury,2021
43.686632,-79.401471,2,Non-Fatal Injury,2021
43.686632,-79.401471,2,Non-Fatal Injury,2021
43.680693,-79.348179,2,Non-Fatal Injury,2020
43.63933,-79.397961,2,Non-Fatal Injury,2020
43.643896,-79.388676,2,Non-Fatal Injury,2020
43.650023,-79.348851,2,Non-Fatal Injury,2020
43.644503,-79.37518,2,Non-Fatal Injury,2020
43.646361,-79.367123,2,Non-Fatal Injury,2020
43.678881,-79.344807,2,Non-Fatal Injury,2020
43.649077,-79.377881,2,Non-Fatal Injury,2020
43.642931,-79.377782,2,Non-Fatal Injury,2020
43.651205,-79.368222,2,Non-Fatal Injury,2020
43.681639,-79.425679,2,Non-Fatal Injury,2020
43.651495,-79.362698,2,Non-Fatal Injury,2020
43.658804,-79.349812,2,Non-Fatal Injury,2020
43.673163,-79.356061,2,Non-Fatal Injury,2020
43.658099,-79.372349,2,Non-Fatal Injury,2020
43.649355,-79.416791,2,Non-Fatal Injury,2020
43.641386,-79.375935,2,Non-Fatal Injury,2020
43.641268,-79.393307,2,Non-Fatal Injury,2020
43.660986,-79.340054,2,Non-Fatal Injury,2020
43.656767,-79.382123,2,Non-Fatal Injury,2020
43.640269,-79.383153,2,Non-Fatal Injury,2020
43.663226,-79.419698,2,Non-Fatal Injury,2020
43.654452,-79.36942,2,Non-Fatal Injury,2020
43.685908,-79.356259,2,Non-Fatal Injury,2020
43.639853,-79.392728,2,Non-Fatal Injury,2020
43.642802,-79.414746,2,Non-Fatal Injury,2020
43.662531,-79.425885,2,Non-Fatal Injury,2020
43.657873,-79.400014,2,Non-Fatal Injury,2020
43.657725,-79.381497,2,Non-Fatal Injury,2020
43.659022,-79.382077,2,Non-Fatal Injury,2020
43.659022,-79.382077,2,Non-Fatal Injury,2020
43.655287,-79.373875,2,Non-Fatal Injury,2020
43.688666,-79.420537,2,Non-Fatal Injury,2020
43.65769,-79.374806,2,Non-Fatal Injury,2020
43.671263,-79.373227,2,Non-Fatal Injury,2020
43.653227,-79.341466,2,Non-Fatal Injury,2020
43.68669,-79.360173,2,Non-Fatal Injury,2020
43.647951,-79.404286,2,Non-Fatal Injury,2020
43.668646,-79.394101,2,Non-Fatal Injury,2020
43.670973,-79.383122,2,Non-Fatal Injury,2020
43.670973,-79.383122,2,Non-Fatal Injury,2020
43.659369,-79.365979,2,Non-Fatal Injury,2020
43.655104,-79.379086,2,Non-Fatal Injury,2020
43.686358,-79.358861,2,Non-Fatal Injury,2020
43.658259,-79.3522,2,Non-Fatal Injury,2020
43.66239,-79.37814,2,Non-Fatal Injury,2020
43.654005,-79.362698,2,Non-Fatal Injury,2020
43.66585,-79.391858,2,Non-Fatal Injury,2020
43.659785,-79.390454,2,Non-Fatal Injury,2020
43.646311,-79.384061,2,Non-Fatal Injury,2020
43.653448,-79.340748,2,Non-Fatal Injury,2020
43.667788,-79.371091,2,Non-Fatal Injury,2020
43.653292,-79.348759,2,Non-Fatal Injury,2020
43.669073,-79.378079,2,Non-Fatal Injury,2020
43.658408,-79.370213,2,Non-Fatal Injury,2020
43.660441,-79.387387,2,Non-Fatal Injury,2019
43.64184,-79.401852,2,Non-Fatal Injury,2019
43.647261,-79.379689,2,Non-Fatal Injury,2019
43.660742,-79.385815,2,Non-Fatal Injury,2019
43.645365,-79.370366,2,Non-Fatal Injury,2019
43.642931,-79.377782,2,Non-Fatal Injury,2019
43.651099,-79.381291,2,Non-Fatal Injury,2019
43.652239,-79.40598,2,Non-Fatal Injury,2019
43.647261,-79.379689,2,Non-Fatal Injury,2019
43.652319,-79.363743,2,Non-Fatal Injury,2019
43.6798,-79.340138,2,Non-Fatal Injury,2019
43.656611,-79.38287,2,Non-Fatal Injury,2019
43.668784,-79.393414,2,Non-Fatal Injury,2019
43.663443,-79.38596,2,Non-Fatal Injury,2019
43.655394,-79.388562,2,Non-Fatal Injury,2019
43.670126,-79.360112,2,Non-Fatal Injury,2019
43.658259,-79.3522,2,Non-Fatal Injury,2019
43.68801,-79.394101,2,Non-Fatal Injury,2019
43.644652,-79.416264,2,Non-Fatal Injury,2019
43.657873,-79.400098,2,Non-Fatal Injury,2019
43.651236,-79.377454,2,Non-Fatal Injury,2019
43.654719,-79.388272,2,Non-Fatal Injury,2019
43.656424,-79.347523,2,Non-Fatal Injury,2019
43.65148,-79.40968,2,Non-Fatal Injury,2019
43.677485,-79.351925,2,Non-Fatal Injury,2019
43.642134,-79.428601,2,Non-Fatal Injury,2019
43.639891,-79.380162,2,Non-Fatal Injury,2019
43.644652,-79.416264,2,Non-Fatal Injury,2019
43.647265,-79.39935,2,Non-Fatal Injury,2019
43.638205,-79.388638,2,Non-Fatal Injury,2019
43.658259,-79.3522,2,Non-Fatal Injury,2019
43.655188,-79.358906,2,Non-Fatal Injury,2019
43.647936,-79.386334,2,Non-Fatal Injury,2019
43.663992,-79.369282,2,Non-Fatal Injury,2019
43.63035,-79.419743,2,Non-Fatal Injury,2019
43.63238,-79.410855,2,Non-Fatal Injury,2019
43.642409,-79.373028,2,Non-Fatal Injury,2019
43.642134,-79.428601,2,Non-Fatal Injury,2019
43.652914,-79.364743,2,Non-Fatal Injury,2019
43.675249,-79.424039,2,Non-Fatal Injury,2019
43.67393,-79.396268,2,Non-Fatal Injury,2019
43.669802,-79.388394,2,Non-Fatal Injury,2019
43.661913,-79.425618,2,Non-Fatal Injury,2019
43.667624,-79.34277,2,Non-Fatal Injury,2019
43.658251,-79.385586,2,Non-Fatal Injury,2019
43.647738,-79.424084,2,Non-Fatal Injury,2019
43.642573,-79.426488,2,Non-Fatal Injury,2019
43.64836,-79.381207,2,Non-Fatal Injury,2019
43.662955,-79.410367,2,Non-Fatal Injury,2019
43.65687,-79.364964,2,Non-Fatal Injury,2019
43.650011,-79.38625,2,Non-Fatal Injury,2019
43.650347,-79.388608,2,Non-Fatal Injury,2019
43.673079,-79.414349,2,Non-Fatal Injury,2019
43.660742,-79.385815,2,Non-Fatal Injury,2019
43.660742,-79.385815,2,Non-Fatal Injury,2019
43.660742,-79.385815,2,Non-Fatal Injury,2019
43.676657,-79.415745,2,Non-Fatal Injury,2019
43.674467,-79.380154,2,Non-Fatal Injury,2019
43.644381,-79.400059,2,Non-Fatal Injury,2019
43.651427,-79.379803,2,Non-Fatal Injury,2019
43.644381,-79.400059,2,Non-Fatal Injury,2019
43.64033,-79.383176,2,Non-Fatal Injury,2019
43.662169,-79.372632,2,Non-Fatal Injury,2019
43.654002,-79.373357,2,Non-Fatal Injury,2019
43.654356,-79.406003,2,Non-Fatal Injury,2019
43.636412,-79.399609,2,Non-Fatal Injury,2019
43.676298,-79.40051,2,Non-Fatal Injury,2019
43.656409,-79.407681,2,Non-Fatal Injury,2019
43.639761,-79.382916,2,Non-Fatal Injury,2019
43.678145,-79.424237,2,Non-Fatal Injury,2019
43.664927,-79.384572,2,Non-Fatal Injury,2019
43.678198,-79.348271,2,Non-Fatal Injury,2019
43.652632,-79.372792,2,Non-Fatal Injury,2019
43.675864,-79.40746,2,Non-Fatal Injury,2019
43.643629,-79.389951,2,Non-Fatal Injury,2019
43.651964,-79.381077,2,Non-Fatal Injury,2019
43.638842,-79.386563,2,Non-Fatal Injury,2019
43.659022,-79.382077,2,Non-Fatal Injury,2019
43.677721,-79.350712,2,Non-Fatal Injury,2019
43.645556,-79.369809,2,Non-Fatal Injury,2019
43.658438,-79.384854,2,Non-Fatal Injury,2019
43.648451,-79.377606,2,Non-Fatal Injury,2018
43.652998,-79.397412,2,Non-Fatal Injury,2018
43.645922,-79.409909,2,Non-Fatal Injury,2018
43.6397,-79.381093,2,Non-Fatal Injury,2018
43.664225,-79.367955,2,Non-Fatal Injury,2018
43.648692,-79.396344,2,Non-Fatal Injury,2018
43.667879,-79.428113,2,Non-Fatal Injury,2018
43.648657,-79.371121,2,Non-Fatal Injury,2018
43.652239,-79.40598,2,Non-Fatal Injury,2018
43.654944,-79.367169,2,Non-Fatal Injury,2018
43.672366,-79.38612,2,Non-Fatal Injury,2018
43.646696,-79.382237,2,Non-Fatal Injury,2018
43.653273,-79.396123,2,Non-Fatal Injury,2018
43.657229,-79.373418,2,Non-Fatal Injury,2018
43.639712,-79.38107,2,Non-Fatal Injury,2018
43.63613,-79.40041,2,Non-Fatal Injury,2018
43.662398,-79.386342,2,Non-Fatal Injury,2018
43.652632,-79.372792,2,Non-Fatal Injury,2018
43.656859,-79.378583,2,Non-Fatal Injury,2018
43.653654,-79.373219,2,Non-Fatal Injury,2018
43.680037,-79.425023,2,Non-Fatal Injury,2018
43.66749,-79.385655,2,Non-Fatal Injury,2018
43.645056,-79.365422,2,Non-Fatal Injury,2018
43.64958,-79.422856,2,Non-Fatal Injury,2018
43.678217,-79.380551,2,Non-Fatal Injury,2018
43.654486,-79.363988,2,Non-Fatal Injury,2018
43.647772,-79.377331,2,Non-Fatal Injury,2018
43.678252,-79.380665,2,Non-Fatal Injury,2018
43.679625,-79.341061,2,Non-Fatal Injury,2018
43.679625,-79.341061,2,Non-Fatal Injury,2018
43.645441,-79.412373,2,Non-Fatal Injury,2018
43.67317,-79.40453,2,Non-Fatal Injury,2018
43.659369,-79.365979,2,Non-Fatal Injury,2018
43.651121,-79.391614,2,Non-Fatal Injury,2018
43.658102,-79.38638,2,Non-Fatal Injury,2018
43.671362,-79.429555,2,Non-Fatal Injury,2018
43.661993,-79.425084,2,Non-Fatal Injury,2018
43.661078,-79.429395,2,Non-Fatal Injury,2018
43.645773,-79.410748,2,Non-Fatal Injury,2018
43.650599,-79.387479,2,Non-Fatal Injury,2018
43.642554,-79.34026,2,Non-Fatal Injury,2018
43.652201,-79.401105,2,Non-Fatal Injury,2018
43.66683,-79.402669,2,Non-Fatal Injury,2018
43.659117,-79.348462,2,Non-Fatal Injury,2018
43.65375,-79.393819,2,Non-Fatal Injury,2018
43.682524,-79.421002,2,Non-Fatal Injury,2018
43.65462,-79.373608,2,Non-Fatal Injury,2018
43.647261,-79.379689,2,Non-Fatal Injury,2018
43.645251,-79.371701,2,Non-Fatal Injury,2018
43.647772,-79.377331,2,Non-Fatal Injury,2018
43.655169,-79.386021,2,Non-Fatal Injury,2018
43.674387,-79.422581,2,Non-Fatal Injury,2018
43.683455,-79.400166,2,Non-Fatal Injury,2018
43.646399,-79.403752,2,Non-Fatal Injury,2018
43.640677,-79.401379,2,Non-Fatal Injury,2018
43.66408,-79.343037,2,Non-Fatal Injury,2018
43.6561,-79.351758,2,Non-Fatal Injury,2018
43.654326,-79.422665,2,Non-Fatal Injury,2018
43.660143,-79.382588,2,Non-Fatal Injury,2018
43.642443,-79.38329,2,Non-Fatal Injury,2018
43.648566,-79.386578,2,Non-Fatal Injury,2018
43.676131,-79.35883,2,Non-Fatal Injury,2018
43.658221,-79.370991,2,Non-Fatal Injury,2018
43.66889,-79.404736,2,Non-Fatal Injury,2018
43.668646,-79.394101,2,Non-Fatal Injury,2018
43.65148,-79.409695,2,Non-Fatal Injury,2018
43.654337,-79.36031,2,Non-Fatal Injury,2018
43.656603,-79.382832,2,Non-Fatal Injury,2018
43.659239,-79.347897,2,Non-Fatal Injury,2018
43.649039,-79.394719,2,Non-Fatal Injury,2018
43.66144,-79.409734,2,Non-Fatal Injury,2018
43.679815,-79.416943,2,Non-Fatal Injury,2017
43.679815,-79.416943,2,Non-Fatal Injury,2017
43.651178,-79.374913,2,Non-Fatal Injury,2017
43.648576,-79.380238,2,Non-Fatal Injury,2017
43.663755,-79.410679,2,Non-Fatal Injury,2017
43.646238,-79.377827,2,Non-Fatal Injury,2017
43.662397,-79.386341,2,Non-Fatal Injury,2017
43.683954,-79.356282,2,Non-Fatal Injury,2017
43.654451,-79.369419,2,Non-Fatal Injury,2017
43.652631,-79.372792,2,Non-Fatal Injury,2017
43.676797,-79.361958,2,Non-Fatal Injury,2017
43.650777,-79.386593,2,Non-Fatal Injury,2017
43.659105,-79.398533,2,Non-Fatal Injury,2017
43.657941,-79.400021,2,Non-Fatal Injury,2017
43.650819,-79.34692,2,Non-Fatal Injury,2017
43.670686,-79.343983,2,Non-Fatal Injury,2017
43.654211,-79.406796,2,Non-Fatal Injury,2017
43.662649,-79.363514,2,Non-Fatal Injury,2017
43.639734,-79.380925,2,Non-Fatal Injury,2017
43.659128,-79.393444,2,Non-Fatal Injury,2017
43.676656,-79.415745,2,Non-Fatal Injury,2017
43.653749,-79.393818,2,Non-Fatal Injury,2017
43.672231,-79.427296,2,Non-Fatal Injury,2017
43.657343,-79.381329,2,Non-Fatal Injury,2017
43.657663,-79.354924,2,Non-Fatal Injury,2017
43.65888,-79.394642,2,Non-Fatal Injury,2017
43.678197,-79.348271,2,Non-Fatal Injury,2017
43.655134,-79.398892,2,Non-Fatal Injury,2017
43.640684,-79.411427,2,Non-Fatal Injury,2017
43.66477,-79.341572,2,Non-Fatal Injury,2017
43.649377,-79.371426,2,Non-Fatal Injury,2017
43.664739,-79.355137,2,Non-Fatal Injury,2017
43.670023,-79.428982,2,Non-Fatal Injury,2017
43.688642,-79.363751,2,Non-Fatal Injury,2017
43.655351,-79.385182,2,Non-Fatal Injury,2017
43.674871,-79.395359,2,Non-Fatal Injury,2017
43.650336,-79.37843,2,Non-Fatal Injury,2017
43.650594,-79.387455,2,Non-Fatal Injury,2017
43.671491,-79.389256,2,Non-Fatal Injury,2017
43.665647,-79.380917,2,Non-Fatal Injury,2017
43.686502,-79.401768,2,Non-Fatal Injury,2017
43.679411,-79.34219,2,Non-Fatal Injury,2017
43.675367,-79.404187,2,Non-Fatal Injury,2017
43.686567,-79.401455,2,Non-Fatal Injury,2017
43.661424,-79.350918,2,Non-Fatal Injury,2017
43.675794,-79.407452,2,Non-Fatal Injury,2017
43.640489,-79.392964,2,Non-Fatal Injury,2017
43.652082,-79.404805,2,Non-Fatal Injury,2017
43.652368,-79.379223,2,Non-Fatal Injury,2017
43.652006,-79.396527,2,Non-Fatal Injury,2017
43.645483,-79.378895,2,Non-Fatal Injury,2017
43.660642,-79.354687,2,Non-Fatal Injury,2017
43.650121,-79.389714,2,Non-Fatal Injury,2017
43.659788,-79.399906,2,Non-Fatal Injury,2017
43.641969,-79.41193,2,Non-Fatal Injury,2017
43.658472,-79.424275,2,Non-Fatal Injury,2017
43.663511,-79.390606,2,Non-Fatal Injury,2017
43.656637,-79.374394,2,Non-Fatal Injury,2017
43.665907,-79.407437,2,Non-Fatal Injury,2017
43.63035,-79.419743,2,Non-Fatal Injury,2017
43.631357,-79.429142,2,Non-Fatal Injury,2017
43.666582,-79.403828,2,Non-Fatal Injury,2017
43.658804,-79.349812,2,Non-Fatal Injury,2017
43.666582,-79.403828,2,Non-Fatal Injury,2017
43.647634,-79.401371,2,Non-Fatal Injury,2017
43.655393,-79.388562,2,Non-Fatal Injury,2017
43.641996,-79.379879,2,Non-Fatal Injury,2017
43.673963,-79.388302,2,Non-Fatal Injury,2017
43.661153,-79.372197,2,Non-Fatal Injury,2017
43.642732,-79.408192,2,Non-Fatal Injury,2017
43.644624,-79.429509,2,Non-Fatal Injury,2017
43.642801,-79.42545,2,Non-Fatal Injury,2017
43.640257,-79.383152,2,Non-Fatal Injury,2017
43.670877,-79.370655,2,Non-Fatal Injury,2017
43.688478,-79.353276,2,Non-Fatal Injury,2017
43.649114,-79.384068,2,Non-Fatal Injury,2017
43.664972,-79.426915,2,Non-Fatal Injury,2016
43.646669,-79.406567,2,Non-Fatal Injury,2016
43.652914,-79.406277,2,Non-Fatal Injury,2016
43.637418,-79.428685,2,Non-Fatal Injury,2016
43.638826,-79.400639,2,Non-Fatal Injury,2016
43.630365,-79.426701,2,Non-Fatal Injury,2016
43.653795,-79.422459,2,Non-Fatal Injury,2016
43.689436,-79.348339,2,Non-Fatal Injury,2016
43.679811,-79.416973,2,Non-Fatal Injury,2016
43.682748,-79.346279,2,Non-Fatal Injury,2016
43.647318,-79.379727,2,Non-Fatal Injury,2016
43.647318,-79.379727,2,Non-Fatal Injury,2016
43.647318,-79.379727,2,Non-Fatal Injury,2016
43.629957,-79.425549,2,Non-Fatal Injury,2016
43.647649,-79.3848,2,Non-Fatal Injury,2016
43.656648,-79.406483,2,Non-Fatal Injury,2016
43.650842,-79.386616,2,Non-Fatal Injury,2016
43.630067,-79.425717,2,Non-Fatal Injury,2016
43.662344,-79.376675,2,Non-Fatal Injury,2016
43.647833,-79.377362,2,Non-Fatal Injury,2016
43.64446,-79.406521,2,Non-Fatal Injury,2016
43.666147,-79.352902,2,Non-Fatal Injury,2016
43.649393,-79.420033,2,Non-Fatal Injury,2016
43.679185,-79.424671,2,Non-Fatal Injury,2016
43.650011,-79.38625,2,Non-Fatal Injury,2016
43.671213,-79.405659,2,Non-Fatal Injury,2016
43.654245,-79.383168,2,Non-Fatal Injury,2016
43.645067,-79.383419,2,Non-Fatal Injury,2016
43.684522,-79.361241,2,Non-Fatal Injury,2016
43.647844,-79.390286,2,Non-Fatal Injury,2016
43.65378,-79.378537,2,Non-Fatal Injury,2016
43.646951,-79.37418,2,Non-Fatal Injury,2016
43.650388,-79.37846,2,Non-Fatal Injury,2016
43.65069,-79.347576,2,Non-Fatal Injury,2016
43.659265,-79.366696,2,Non-Fatal Injury,2016
43.671033,-79.383152,2,Non-Fatal Injury,2016
43.671033,-79.383152,2,Non-Fatal Injury,2016
43.659265,-79.366696,2,Non-Fatal Injury,2016
43.68942,-79.348805,2,Non-Fatal Injury,2016
43.657518,-79.389477,2,Non-Fatal Injury,2016
43.646898,-79.401089,2,Non-Fatal Injury,2016
43.656992,-79.374531,2,Non-Fatal Injury,2016
43.64681,-79.376934,2,Non-Fatal Injury,2016
43.641569,-79.391865,2,Non-Fatal Injury,2016
43.650819,-79.34692,2,Non-Fatal Injury,2016
43.6681,-79.369526,2,Non-Fatal Injury,2016
43.645555,-79.369816,2,Non-Fatal Injury,2016
43.629968,-79.425587,2,Non-Fatal Injury,2016
43.663904,-79.358227,2,Non-Fatal Injury,2016
43.663438,-79.371479,2,Non-Fatal Injury,2016
43.660364,-79.375859,2,Non-Fatal Injury,2016
43.671095,-79.429455,2,Non-Fatal Injury,2016
43.665315,-79.409954,2,Non-Fatal Injury,2016
43.647321,-79.386074,2,Non-Fatal Injury,2016
43.677938,-79.349583,2,Non-Fatal Injury,2016
43.681558,-79.41766,2,Non-Fatal Injury,2016
43.660963,-79.397129,2,Non-Fatal Injury,2016
43.674295,-79.367329,2,Non-Fatal Injury,2016
43.648908,-79.354901,2,Non-Fatal Injury,2016
43.6681,-79.369526,2,Non-Fatal Injury,2016
43.637376,-79.401898,2,Non-Fatal Injury,2016
43.676687,-79.397389,2,Non-Fatal Injury,2016
43.689775,-79.421009,2,Non-Fatal Injury,2016
43.645658,-79.400593,2,Non-Fatal Injury,2016
43.662908,-79.37431,2,Non-Fatal Injury,2016
43.665315,-79.409954,2,Non-Fatal Injury,2016
43.638887,-79.427334,2,Non-Fatal Injury,2016
43.65323,-79.375103,2,Non-Fatal Injury,2016
43.66049,-79.370274,2,Non-Fatal Injury,2016
43.672098,-79.38477,2,Non-Fatal Injury,2016
43.639722,-79.380909,2,Non-Fatal Injury,2016
43.683961,-79.361607,2,Non-Fatal Injury,2016
43.659624,-79.375569,2,Non-Fatal Injury,2016
43.674993,-79.390942,2,Non-Fatal Injury,2016
43.657663,-79.408207,2,Non-Fatal Injury,2015
43.654382,-79.39864,2,Non-Fatal Injury,2015
43.652586,-79.411457,2,Non-Fatal Injury,2015
43.646459,-79.403752,2,Non-Fatal Injury,2015
43.667284,-79.373768,2,Non-Fatal Injury,2015
43.63857,-79.429127,2,Non-Fatal Injury,2015
43.665727,-79.375523,2,Non-Fatal Injury,2015
43.68942,-79.412999,2,Non-Fatal Injury,2015
43.645555,-79.369816,2,Non-Fatal Injury,2015
43.67539,-79.358074,2,Non-Fatal Injury,2015
43.671144,-79.364407,2,Non-Fatal Injury,2015
43.671144,-79.364407,2,Non-Fatal Injury,2015
43.661627,-79.380185,2,Non-Fatal Injury,2015
43.686712,-79.405064,2,Non-Fatal Injury,2015
43.659292,-79.347927,2,Non-Fatal Injury,2015
43.64681,-79.376934,2,Non-Fatal Injury,2015
43.678197,-79.348271,2,Non-Fatal Injury,2015
43.659734,-79.409046,2,Non-Fatal Injury,2015
43.641294,-79.401638,2,Non-Fatal Injury,2015
43.646322,-79.416912,2,Non-Fatal Injury,2015
43.672414,-79.387684,2,Non-Fatal Injury,2015
43.672414,-79.387684,2,Non-Fatal Injury,2015
43.653158,-79.397023,2,Non-Fatal Injury,2015
43.682848,-79.362385,2,Non-Fatal Injury,2015
43.662904,-79.37434,2,Non-Fatal Injury,2015
43.658361,-79.400219,2,Non-Fatal Injury,2015
43.663694,-79.359234,2,Non-Fatal Injury,2015
43.663694,-79.359234,2,Non-Fatal Injury,2015
43.634424,-79.408741,2,Non-Fatal Injury,2015
43.630415,-79.419773,2,Non-Fatal Injury,2015
43.674844,-79.407109,2,Non-Fatal Injury,2015
43.651945,-79.377751,2,Non-Fatal Injury,2015
43.654382,-79.39864,2,Non-Fatal Injury,2015
43.642316,-79.383969,2,Non-Fatal Injury,2015
43.64895,-79.371243,2,Non-Fatal Injury,2015
43.659845,-79.390484,2,Non-Fatal Injury,2015
43.6746,-79.408253,2,Non-Fatal Injury,2015
43.640741,-79.411465,2,Non-Fatal Injury,2015
43.653513,-79.340779,2,Non-Fatal Injury,2015
43.646589,-79.38303,2,Non-Fatal Injury,2015
43.666475,-79.375843,2,Non-Fatal Injury,2015
43.656545,-79.423527,2,Non-Fatal Injury,2015
43.657362,-79.356541,2,Non-Fatal Injury,2015
43.657362,-79.356541,2,Non-Fatal Injury,2015
43.649561,-79.419529,2,Non-Fatal Injury,2015
43.662855,-79.367382,2,Non-Fatal Injury,2015
43.65621,-79.408947,2,Non-Fatal Injury,2015
43.640974,-79.417233,2,Non-Fatal Injury,2015
43.65405,-79.379963,2,Non-Fatal Injury,2015
43.65405,-79.379963,2,Non-Fatal Injury,2015
43.634428,-79.408734,2,Non-Fatal Injury,2015
43.671148,-79.382336,2,Non-Fatal Injury,2015
43.647012,-79.387486,2,Non-Fatal Injury,2015
43.643003,-79.424809,2,Non-Fatal Injury,2015
43.642198,-79.402005,2,Non-Fatal Injury,2015
43.659013,-79.349186,2,Non-Fatal Injury,2015
43.636404,-79.399624,2,Non-Fatal Injury,2015
43.669454,-79.376644,2,Non-Fatal Injury,2015
43.644941,-79.397633,2,Non-Fatal Injury,2015
43.668947,-79.404766,2,Non-Fatal Injury,2015
43.65267,-79.378079,2,Non-Fatal Injury,2015
43.639391,-79.424801,2,Non-Fatal Injury,2015
43.663118,-79.37302,2,Non-Fatal Injury,2015
43.645292,-79.413159,2,Non-Fatal Injury,2015
43.64372,-79.421101,2,Non-Fatal Injury,2015
43.663179,-79.373051,2,Non-Fatal Injury,2015
43.662222,-79.352246,2,Non-Fatal Injury,2014
43.643556,-79.421955,2,Non-Fatal Injury,2014
43.668028,-79.342915,2,Non-Fatal Injury,2014
43.667631,-79.385304,2,Non-Fatal Injury,2014
43.642072,-79.37743,2,Non-Fatal Injury,2014
43.673132,-79.414379,2,Non-Fatal Injury,2014
43.652711,-79.363247,2,Non-Fatal Injury,2014
43.645559,-79.369816,2,Non-Fatal Injury,2014
43.648752,-79.396374,2,Non-Fatal Injury,2014
43.654512,-79.369465,2,Non-Fatal Injury,2014
43.64142,-79.380863,2,Non-Fatal Injury,2014
43.664335,-79.35587,2,Non-Fatal Injury,2014
43.66459,-79.355954,2,Non-Fatal Injury,2014
43.647443,-79.375767,2,Non-Fatal Injury,2014
43.647409,-79.402821,2,Non-Fatal Injury,2014
43.666639,-79.403858,2,Non-Fatal Injury,2014
43.68712,-79.393696,2,Non-Fatal Injury,2014
43.68712,-79.393696,2,Non-Fatal Injury,2014
43.663042,-79.402096,2,Non-Fatal Injury,2014
43.648531,-79.371937,2,Non-Fatal Injury,2014
43.649572,-79.429814,2,Non-Fatal Injury,2014
43.655111,-79.398899,2,Non-Fatal Injury,2014
43.6532,-79.379574,2,Non-Fatal Injury,2014
43.642622,-79.382778,2,Non-Fatal Injury,2014
43.642622,-79.382778,2,Non-Fatal Injury,2014
43.643873,-79.378193,2,Non-Fatal Injury,2014
43.638891,-79.39098,2,Non-Fatal Injury,2014
43.66459,-79.355954,2,Non-Fatal Injury,2014
43.644941,-79.397633,2,Non-Fatal Injury,2014
43.644941,-79.397633,2,Non-Fatal Injury,2014
43.649427,-79.42474,2,Non-Fatal Injury,2014
43.647649,-79.3848,2,Non-Fatal Injury,2014
43.681024,-79.362568,2,Non-Fatal Injury,2014
43.660867,-79.373524,2,Non-Fatal Injury,2014
43.670751,-79.388913,2,Non-Fatal Injury,2014
43.662454,-79.351361,2,Non-Fatal Injury,2014
43.646429,-79.366124,2,Non-Fatal Injury,2014
43.657091,-79.423748,2,Non-Fatal Injury,2014
43.652895,-79.429669,2,Non-Fatal Injury,2014
43.671953,-79.370694,2,Non-Fatal Injury,2014
43.667223,-79.373738,2,Non-Fatal Injury,2014
43.68271,-79.418118,2,Non-Fatal Injury,2014
43.642297,-79.427853,2,Non-Fatal Injury,2014
43.658865,-79.34985,2,Non-Fatal Injury,2014
43.648214,-79.370922,2,Non-Fatal Injury,2014
43.654897,-79.420262,2,Non-Fatal Injury,2014
43.656805,-79.37566,2,Non-Fatal Injury,2014
43.650777,-79.386593,2,Non-Fatal Injury,2014
43.65188,-79.38171,2,Non-Fatal Injury,2014
43.65043,-79.38464,2,Non-Fatal Injury,2014
43.647291,-79.395779,2,Non-Fatal Injury,2014
43.645555,-79.369816,2,Non-Fatal Injury,2014
43.651315,-79.397404,2,Non-Fatal Injury,2014
43.6751,-79.391026,2,Non-Fatal Injury,2014
43.649316,-79.420773,2,Non-Fatal Injury,2014
43.666212,-79.378308,2,Non-Fatal Injury,2014
43.66197,-79.425648,2,Non-Fatal Injury,2014
43.662435,-79.42323,2,Non-Fatal Injury,2014
43.637957,-79.401507,1,Non-Fatal Injury,2026
43.637957,-79.401507,1,Non-Fatal Injury,2026
43.637957,-79.401507,1,Non-Fatal Injury,2026
43.637957,-79.401507,1,Non-Fatal Injury,2026
43.652595,-79.372741,1,Non-Fatal Injury,2026
43.637957,-79.401507,1,Non-Fatal Injury,2026
43.637957,-79.401507,1,Non-Fatal Injury,2026
43.637957,-79.401507,1,Non-Fatal Injury,2026
43.637957,-79.401507,1,Non-Fatal Injury,2026
43.665938,-79.39188,1,Non-Fatal Injury,2026
43.646828,-79.395155,1,Non-Fatal Injury,2026
43.652447,-79.375441,1,Non-Fatal Injury,2026
43.660536,-79.342473,1,Non-Fatal Injury,2026
43.657858,-79.374883,1,Non-Fatal Injury,2026
43.646696,-79.403813,1,Non-Fatal Injury,2026
43.670813,-79.384175,1,Non-Fatal Injury,2025
43.67817,-79.398022,1,Non-Fatal Injury,2025
43.645548,-79.394486,1,Non-Fatal Injury,2025
43.645548,-79.394486,1,Non-Fatal Injury,2025
43.683294,-79.360207,1,Non-Fatal Injury,2025
43.639137,-79.410819,1,Non-Fatal Injury,2025
43.666204,-79.393177,1,Non-Fatal Injury,2025
43.666204,-79.393177,1,Non-Fatal Injury,2025
43.666204,-79.393177,1,Non-Fatal Injury,2025
43.657744,-79.354924,1,Non-Fatal Injury,2025
43.657047,-79.37452,1,Non-Fatal Injury,2025
43.659815,-79.409092,1,Non-Fatal Injury,2025
43.659815,-79.409092,1,Non-Fatal Injury,2025
43.662146,-79.372593,1,Non-Fatal Injury,2025
43.662146,-79.372593,1,Non-Fatal Injury,2025
43.637517,-79.410931,1,Non-Fatal Injury,2025
43.673362,-79.399401,1,Non-Fatal Injury,2025
43.666284,-79.378353,1,Non-Fatal Injury,2025
43.658126,-79.340186,1,Non-Fatal Injury,2025
43.663911,-79.417177,1,Non-Fatal Injury,2025
43.681238,-79.417649,1,Non-Fatal Injury,2025
43.681238,-79.417649,1,Non-Fatal Injury,2025
43.661188,-79.384007,1,Non-Fatal Injury,2025
43.658237,-79.398163,1,Non-Fatal Injury,2025
43.638894,-79.386403,1,Non-Fatal Injury,2025
43.661142,-79.42938,1,Non-Fatal Injury,2025
43.661142,-79.42938,1,Non-Fatal Injury,2025
43.659867,-79.378509,1,Non-Fatal Injury,2025
43.630152,-79.423238,1,Non-Fatal Injury,2025
43.63974,-79.393372,1,Non-Fatal Injury,2025
43.646052,-79.378804,1,Non-Fatal Injury,2025
43.644449,-79.399999,1,Non-Fatal Injury,2025
43.651346,-79.405614,1,Non-Fatal Injury,2025
43.668124,-79.385844,1,Non-Fatal Injury,2025
43.668124,-79.385844,1,Non-Fatal Injury,2025
43.668124,-79.385844,1,Non-Fatal Injury,2025
43.641075,-79.380714,1,Non-Fatal Injury,2025
43.679798,-79.345187,1,Non-Fatal Injury,2025
43.653168,-79.375771,1,Non-Fatal Injury,2025
43.671117,-79.413619,1,Non-Fatal Injury,2025
43.670813,-79.384175,1,Non-Fatal Injury,2025
43.670813,-79.384175,1,Non-Fatal Injury,2025
43.649424,-79.389163,1,Non-Fatal Injury,2025
43.662221,-79.352232,1,Non-Fatal Injury,2025
43.658659,-79.369489,1,Non-Fatal Injury,2025
43.658659,-79.369489,1,Non-Fatal Injury,2025
43.660624,-79.342015,1,Non-Fatal Injury,2025
43.671476,-79.390244,1,Non-Fatal Injury,2025
43.687147,-79.410184,1,Non-Fatal Injury,2025
43.639972,-79.38045,1,Non-Fatal Injury,2025
43.655023,-79.367132,1,Non-Fatal Injury,2025
43.683149,-79.418425,1,Non-Fatal Injury,2025
43.658313,-79.397833,1,Non-Fatal Injury,2025
43.658313,-79.397833,1,Non-Fatal Injury,2025
43.652746,-79.393389,1,Non-Fatal Injury,2025
43.658448,-79.370397,1,Non-Fatal Injury,2025
43.658448,-79.370397,1,Non-Fatal Injury,2025
43.666575,-79.385213,1,Non-Fatal Injury,2025
43.664942,-79.384582,1,Non-Fatal Injury,2025
43.664942,-79.384582,1,Non-Fatal Injury,2025
43.664801,-79.341571,1,Non-Fatal Injury,2025
43.67027,-79.394697,1,Non-Fatal Injury,2025
43.641978,-79.374562,1,Non-Fatal Injury,2025
43.651755,-79.354764,1,Non-Fatal Injury,2025
43.662792,-79.379798,1,Non-Fatal Injury,2025
43.662792,-79.379798,1,Non-Fatal Injury,2025
43.662792,-79.379798,1,Non-Fatal Injury,2025
43.662792,-79.379798,1,Non-Fatal Injury,2025
43.651755,-79.354764,1,Non-Fatal Injury,2025
43.67557,-79.423062,1,Non-Fatal Injury,2025
43.685792,-79.347346,1,Non-Fatal Injury,2025
43.664757,-79.355308,1,Non-Fatal Injury,2025
43.673033,-79.36916,1,Non-Fatal Injury,2024
43.647658,-79.401685,1,Non-Fatal Injury,2024
43.645998,-79.379101,1,Non-Fatal Injury,2024
43.645998,-79.379101,1,Non-Fatal Injury,2024
43.645998,-79.379101,1,Non-Fatal Injury,2024
43.645998,-79.379101,1,Non-Fatal Injury,2024
43.645998,-79.379101,1,Non-Fatal Injury,2024
43.681898,-79.391514,1,Non-Fatal Injury,2024
43.656191,-79.378239,1,Non-Fatal Injury,2024
43.657954,-79.408314,1,Non-Fatal Injury,2024
43.661299,-79.383069,1,Non-Fatal Injury,2024
43.664992,-79.378514,1,Non-Fatal Injury,2024
43.642763,-79.407796,1,Non-Fatal Injury,2024
43.673033,-79.36916,1,Non-Fatal Injury,2024
43.688815,-79.428288,1,Non-Fatal Injury,2024
43.67866,-79.368176,1,Non-Fatal Injury,2024
43.67866,-79.368176,1,Non-Fatal Injury,2024
43.67866,-79.368176,1,Non-Fatal Injury,2024
43.67866,-79.368176,1,Non-Fatal Injury,2024
43.674383,-79.402981,1,Non-Fatal Injury,2024
43.649561,-79.428098,1,Non-Fatal Injury,2024
43.675446,-79.404797,1,Non-Fatal Injury,2024
43.639292,-79.410832,1,Non-Fatal Injury,2024
43.645689,-79.409764,1,Non-Fatal Injury,2024
43.645689,-79.409764,1,Non-Fatal Injury,2024
43.651701,-79.397694,1,Non-Fatal Injury,2024
43.638811,-79.391232,1,Non-Fatal Injury,2024
43.638811,-79.391232,1,Non-Fatal Injury,2024
43.638811,-79.391232,1,Non-Fatal Injury,2024
43.638811,-79.391232,1,Non-Fatal Injury,2024
43.638811,-79.391232,1,Non-Fatal Injury,2024
43.638811,-79.391232,1,Non-Fatal Injury,2024
43.648264,-79.380238,1,Non-Fatal Injury,2024
43.648726,-79.38634,1,Non-Fatal Injury,2024
43.670543,-79.38552,1,Non-Fatal Injury,2024
43.64988,-79.371564,1,Non-Fatal Injury,2024
43.67379,-79.356695,1,Non-Fatal Injury,2024
43.641986,-79.381074,1,Non-Fatal Injury,2024
43.648976,-79.393283,1,Non-Fatal Injury,2024
43.646403,-79.392382,1,Non-Fatal Injury,2024
43.6679,-79.412346,1,Non-Fatal Injury,2024
43.6679,-79.412346,1,Non-Fatal Injury,2024
43.642852,-79.393734,1,Non-Fatal Injury,2024
43.649074,-79.356282,1,Non-Fatal Injury,2024
43.659399,-79.374338,1,Non-Fatal Injury,2024
43.630537,-79.419721,1,Non-Fatal Injury,2024
43.630537,-79.419721,1,Non-Fatal Injury,2024
43.657165,-79.363735,1,Non-Fatal Injury,2024
43.64231,-79.410688,1,Non-Fatal Injury,2024
43.654727,-79.421472,1,Non-Fatal Injury,2024
43.649515,-79.361834,1,Non-Fatal Injury,2024
43.67044,-79.34398,1,Non-Fatal Injury,2024
43.638516,-79.392057,1,Non-Fatal Injury,2024
43.638516,-79.392057,1,Non-Fatal Injury,2024
43.659502,-79.391797,1,Non-Fatal Injury,2024
43.674985,-79.39656,1,Non-Fatal Injury,2024
43.674985,-79.39656,1,Non-Fatal Injury,2024
43.674985,-79.39656,1,Non-Fatal Injury,2024
43.685245,-79.349881,1,Non-Fatal Injury,2024
43.67079,-79.405556,1,Non-Fatal Injury,2024
43.67079,-79.405556,1,Non-Fatal Injury,2024
43.67079,-79.405556,1,Non-Fatal Injury,2024
43.665157,-79.380674,1,Non-Fatal Injury,2024
43.67071,-79.354184,1,Non-Fatal Injury,2024
43.665224,-79.398938,1,Non-Fatal Injury,2024
43.665224,-79.398938,1,Non-Fatal Injury,2024
43.636589,-79.399275,1,Non-Fatal Injury,2024
43.636589,-79.399275,1,Non-Fatal Injury,2024
43.666199,-79.378333,1,Non-Fatal Injury,2024
43.666199,-79.378333,1,Non-Fatal Injury,2024
43.658778,-79.395703,1,Non-Fatal Injury,2024
43.658778,-79.395703,1,Non-Fatal Injury,2024
43.658778,-79.395703,1,Non-Fatal Injury,2024
43.658778,-79.395703,1,Non-Fatal Injury,2024
43.658778,-79.395703,1,Non-Fatal Injury,2024
43.658778,-79.395703,1,Non-Fatal Injury,2024
43.667512,-79.369216,1,Non-Fatal Injury,2024
43.657107,-79.374554,1,Non-Fatal Injury,2023
43.640913,-79.377515,1,Non-Fatal Injury,2023
43.657107,-79.374554,1,Non-Fatal Injury,2023
43.669672,-79.389477,1,Non-Fatal Injury,2023
43.64778,-79.400769,1,Non-Fatal Injury,2023
43.652865,-79.37682,1,Non-Fatal Injury,2023
43.652865,-79.37682,1,Non-Fatal Injury,2023
43.647486,-79.402539,1,Non-Fatal Injury,2023
43.647486,-79.402539,1,Non-Fatal Injury,2023
43.672064,-79.377927,1,Non-Fatal Injury,2023
43.672064,-79.377927,1,Non-Fatal Injury,2023
43.64427,-79.367779,1,Non-Fatal Injury,2023
43.652953,-79.398022,1,Non-Fatal Injury,2023
43.652953,-79.398022,1,Non-Fatal Injury,2023
43.652953,-79.398022,1,Non-Fatal Injury,2023
43.646899,-79.401135,1,Non-Fatal Injury,2023
43.646899,-79.401135,1,Non-Fatal Injury,2023
43.650214,-79.385106,1,Non-Fatal Injury,2023
43.654291,-79.406804,1,Non-Fatal Injury,2023
43.672015,-79.354893,1,Non-Fatal Injury,2023
43.655367,-79.373891,1,Non-Fatal Injury,2023
43.684691,-79.357365,1,Non-Fatal Injury,2023
43.674006,-79.396275,1,Non-Fatal Injury,2023
43.635489,-79.406682,1,Non-Fatal Injury,2023
43.635489,-79.406682,1,Non-Fatal Injury,2023
43.672304,-79.377118,1,Non-Fatal Injury,2023
43.667301,-79.37373,1,Non-Fatal Injury,2023
43.663931,-79.343831,1,Non-Fatal Injury,2023
43.668715,-79.375325,1,Non-Fatal Injury,2023
43.668715,-79.375325,1,Non-Fatal Injury,2023
43.668715,-79.375325,1,Non-Fatal Injury,2023
43.688181,-79.403859,1,Non-Fatal Injury,2023
43.6574,-79.381329,1,Non-Fatal Injury,2023
43.675375,-79.404713,1,Non-Fatal Injury,2023
43.651572,-79.362706,1,Non-Fatal Injury,2023
43.645548,-79.369794,1,Non-Fatal Injury,2023
43.645548,-79.369794,1,Non-Fatal Injury,2023
43.645548,-79.369794,1,Non-Fatal Injury,2023
43.645548,-79.369794,1,Non-Fatal Injury,2023
43.659205,-79.381558,1,Non-Fatal Injury,2023
43.655222,-79.398968,1,Non-Fatal Injury,2023
43.646742,-79.395535,1,Non-Fatal Injury,2023
43.680724,-79.391057,1,Non-Fatal Injury,2023
43.643103,-79.371052,1,Non-Fatal Injury,2023
43.649031,-79.386792,1,Non-Fatal Injury,2023
43.649031,-79.386792,1,Non-Fatal Injury,2023
43.658266,-79.398167,1,Non-Fatal Injury,2023
43.659426,-79.347417,1,Non-Fatal Injury,2023
43.659155,-79.348622,1,Non-Fatal Injury,2023
43.66704,-79.399647,1,Non-Fatal Injury,2023
43.66704,-79.399647,1,Non-Fatal Injury,2023
43.678099,-79.388714,1,Non-Fatal Injury,2023
43.669672,-79.389477,1,Non-Fatal Injury,2023
43.642405,-79.427815,1,Non-Fatal Injury,2023
43.644286,-79.384778,1,Non-Fatal Injury,2023
43.661303,-79.357724,1,Non-Fatal Injury,2023
43.643198,-79.402364,1,Non-Fatal Injury,2023
43.643198,-79.402364,1,Non-Fatal Injury,2023
43.643198,-79.402364,1,Non-Fatal Injury,2023
43.670161,-79.382779,1,Non-Fatal Injury,2023
43.640417,-79.388898,1,Non-Fatal Injury,2023
43.664854,-79.341572,1,Non-Fatal Injury,2023
43.671698,-79.38519,1,Non-Fatal Injury,2023
43.64958,-79.392468,1,Non-Fatal Injury,2023
43.641817,-79.380421,1,Non-Fatal Injury,2023
43.676806,-79.412205,1,Non-Fatal Injury,2023
43.656069,-79.380818,1,Non-Fatal Injury,2023
43.688086,-79.394108,1,Non-Fatal Injury,2023
43.675814,-79.402562,1,Non-Fatal Injury,2023
43.642817,-79.393643,1,Non-Fatal Injury,2023
43.649058,-79.372151,1,Non-Fatal Injury,2023
43.660174,-79.427701,1,Non-Fatal Injury,2022
43.636824,-79.414433,1,Non-Fatal Injury,2022
43.636824,-79.414433,1,Non-Fatal Injury,2022
43.67169,-79.341855,1,Non-Fatal Injury,2022
43.64184,-79.401852,1,Non-Fatal Injury,2022
43.64184,-79.401852,1,Non-Fatal Injury,2022
43.64184,-79.401852,1,Non-Fatal Injury,2022
43.64184,-79.401852,1,Non-Fatal Injury,2022
43.658163,-79.385915,1,Non-Fatal Injury,2022
43.64876,-79.396352,1,Non-Fatal Injury,2022
43.677824,-79.35011,1,Non-Fatal Injury,2022
43.639536,-79.347294,1,Non-Fatal Injury,2022
43.655512,-79.411855,1,Non-Fatal Injury,2022
43.645483,-79.364285,1,Non-Fatal Injury,2022
43.649313,-79.422742,1,Non-Fatal Injury,2022
43.662306,-79.423665,1,Non-Fatal Injury,2022
43.654005,-79.362698,1,Non-Fatal Injury,2022
43.648482,-79.396252,1,Non-Fatal Injury,2022
43.645773,-79.410748,1,Non-Fatal Injury,2022
43.672063,-79.390492,1,Non-Fatal Injury,2022
43.650336,-79.37843,1,Non-Fatal Injury,2022
43.645659,-79.400594,1,Non-Fatal Injury,2022
43.632376,-79.410893,1,Non-Fatal Injury,2022
43.638579,-79.428822,1,Non-Fatal Injury,2022
43.641997,-79.37988,1,Non-Fatal Injury,2022
43.641997,-79.37988,1,Non-Fatal Injury,2022
43.644316,-79.374989,1,Non-Fatal Injury,2022
43.656252,-79.388936,1,Non-Fatal Injury,2022
43.641688,-79.380948,1,Non-Fatal Injury,2022
43.655848,-79.391499,1,Non-Fatal Injury,2022
43.670023,-79.42899,1,Property Damage Only,2022
43.652369,-79.379224,1,Non-Fatal Injury,2022
43.631171,-79.429265,1,Non-Fatal Injury,2022
43.636423,-79.415784,1,Non-Fatal Injury,2022
43.63666,-79.414517,1,Non-Fatal Injury,2022
43.63666,-79.414517,1,Non-Fatal Injury,2022
43.63666,-79.414517,1,Non-Fatal Injury,2022
43.63666,-79.414517,1,Non-Fatal Injury,2022
43.649706,-79.374959,1,Non-Fatal Injury,2022
43.657664,-79.401334,1,Non-Fatal Injury,2022
43.652685,-79.377606,1,Non-Fatal Injury,2022
43.652685,-79.377606,1,Non-Fatal Injury,2022
43.652685,-79.377606,1,Non-Fatal Injury,2022
43.662413,-79.376691,1,Non-Fatal Injury,2022
43.662413,-79.376691,1,Non-Fatal Injury,2022
43.662413,-79.376691,1,Non-Fatal Injury,2022
43.662413,-79.376691,1,Non-Fatal Injury,2022
43.64379,-79.429196,1,Non-Fatal Injury,2022
43.665041,-79.411175,1,Non-Fatal Injury,2022
43.661982,-79.425626,1,Non-Fatal Injury,2022
43.673144,-79.414357,1,Non-Fatal Injury,2022
43.661509,-79.409741,1,Non-Fatal Injury,2022
43.654646,-79.421452,1,Non-Fatal Injury,2022
43.643286,-79.42291,1,Non-Fatal Injury,2022
43.683192,-79.346417,1,Non-Fatal Injury,2022
43.683192,-79.346417,1,Non-Fatal Injury,2022
43.683192,-79.346417,1,Non-Fatal Injury,2022
43.638747,-79.400578,1,Non-Fatal Injury,2022
43.643412,-79.391263,1,Non-Fatal Injury,2022
43.665648,-79.375508,1,Non-Fatal Injury,2022
43.641364,-79.414983,1,Non-Fatal Injury,2022
43.645506,-79.369794,1,Non-Fatal Injury,2022
43.645506,-79.369794,1,Non-Fatal Injury,2022
43.645506,-79.369794,1,Non-Fatal Injury,2022
43.662856,-79.421269,1,Non-Fatal Injury,2022
43.659552,-79.355397,1,Non-Fatal Injury,2021
43.659552,-79.355397,1,Non-Fatal Injury,2021
43.652239,-79.40598,1,Non-Fatal Injury,2021
43.662947,-79.383748,1,Non-Fatal Injury,2021
43.636412,-79.399609,1,Non-Fatal Injury,2021
43.653208,-79.359608,1,Non-Fatal Injury,2021
43.653208,-79.359608,1,Non-Fatal Injury,2021
43.653208,-79.359608,1,Non-Fatal Injury,2021
43.653208,-79.359608,1,Non-Fatal Injury,2021
43.64184,-79.401852,1,Non-Fatal Injury,2021
43.658922,-79.349286,1,Non-Fatal Injury,2021
43.658922,-79.349286,1,Non-Fatal Injury,2021
43.652239,-79.40598,1,Non-Fatal Injury,2021
43.655276,-79.398968,1,Non-Fatal Injury,2021
43.655276,-79.398968,1,Non-Fatal Injury,2021
43.661261,-79.389973,1,Non-Fatal Injury,2021
43.681242,-79.404118,1,Non-Fatal Injury,2021
43.65161,-79.382748,1,Non-Fatal Injury,2021
43.65161,-79.382748,1,Non-Fatal Injury,2021
43.65161,-79.382748,1,Non-Fatal Injury,2021
43.656637,-79.352528,1,Non-Fatal Injury,2021
43.646216,-79.408543,1,Non-Fatal Injury,2021
43.660609,-79.374699,1,Non-Fatal Injury,2021
43.642672,-79.393903,1,Non-Fatal Injury,2021
43.645636,-79.370396,1,Non-Fatal Injury,2021
43.645636,-79.370396,1,Non-Fatal Injury,2021
43.645636,-79.370396,1,Non-Fatal Injury,2021
43.636385,-79.399609,1,Non-Fatal Injury,2021
43.636385,-79.399609,1,Non-Fatal Injury,2021
43.642664,-79.393887,1,Non-Fatal Injury,2021
43.665507,-79.411366,1,Non-Fatal Injury,2021
43.652586,-79.357953,1,Non-Fatal Injury,2021
43.640597,-79.383137,1,Non-Fatal Injury,2021
43.647055,-79.393704,1,Non-Fatal Injury,2021
43.67922,-79.344952,1,Non-Fatal Injury,2021
43.659201,-79.381184,1,Non-Fatal Injury,2021
43.659201,-79.381184,1,Non-Fatal Injury,2021
43.636153,-79.410336,1,Non-Fatal Injury,2021
43.674635,-79.39288,1,Non-Fatal Injury,2021
43.653033,-79.397221,1,Non-Fatal Injury,2021
43.646311,-79.384061,1,Non-Fatal Injury,2021
43.667704,-79.357983,1,Non-Fatal Injury,2021
43.649382,-79.389142,1,Non-Fatal Injury,2021
43.670489,-79.389806,1,Non-Fatal Injury,2021
43.6743,-79.399808,1,Non-Fatal Injury,2021
43.636412,-79.399609,1,Non-Fatal Injury,2021
43.673525,-79.349965,1,Non-Fatal Injury,2021
43.659735,-79.409047,1,Non-Fatal Injury,2021
43.686632,-79.401471,1,Non-Fatal Injury,2021
43.686632,-79.401471,1,Non-Fatal Injury,2021
43.686632,-79.401471,1,Non-Fatal Injury,2021
43.686632,-79.401471,1,Non-Fatal Injury,2021
43.685908,-79.356259,1,Non-Fatal Injury,2020
43.680693,-79.348179,1,Non-Fatal Injury,2020
43.63933,-79.397961,1,Non-Fatal Injury,2020
43.643896,-79.388676,1,Non-Fatal Injury,2020
43.650023,-79.348851,1,Non-Fatal Injury,2020
43.650023,-79.348851,1,Non-Fatal Injury,2020
43.644503,-79.37518,1,Non-Fatal Injury,2020
43.678881,-79.344807,1,Non-Fatal Injury,2020
43.678881,-79.344807,1,Non-Fatal Injury,2020
43.678881,-79.344807,1,Non-Fatal Injury,2020
43.678881,-79.344807,1,Non-Fatal Injury,2020
43.649077,-79.377881,1,Non-Fatal Injury,2020
43.642931,-79.377782,1,Non-Fatal Injury,2020
43.651205,-79.368222,1,Non-Fatal Injury,2020
43.681639,-79.425679,1,Non-Fatal Injury,2020
43.651495,-79.362698,1,Non-Fatal Injury,2020
43.658804,-79.349812,1,Non-Fatal Injury,2020
43.658804,-79.349812,1,Non-Fatal Injury,2020
43.673163,-79.356061,1,Non-Fatal Injury,2020
43.658099,-79.372349,1,Non-Fatal Injury,2020
43.658099,-79.372349,1,Non-Fatal Injury,2020
43.658099,-79.372349,1,Non-Fatal Injury,2020
43.649355,-79.416791,1,Non-Fatal Injury,2020
43.641386,-79.375935,1,Non-Fatal Injury,2020
43.641386,-79.375935,1,Non-Fatal Injury,2020
43.641268,-79.393307,1,Non-Fatal Injury,2020
43.660986,-79.340054,1,Non-Fatal Injury,2020
43.656767,-79.382123,1,Non-Fatal Injury,2020
43.640269,-79.383153,1,Non-Fatal Injury,2020
43.663226,-79.419698,1,Non-Fatal Injury,2020
43.654452,-79.36942,1,Non-Fatal Injury,2020
43.685908,-79.356259,1,Non-Fatal Injury,2020
43.685908,-79.356259,1,Non-Fatal Injury,2020
43.639853,-79.392728,1,Non-Fatal Injury,2020
43.639853,-79.392728,1,Non-Fatal Injury,2020
43.639853,-79.392728,1,Non-Fatal Injury,2020
43.639853,-79.392728,1,Non-Fatal Injury,2020
43.642802,-79.414746,1,Non-Fatal Injury,2020
43.662531,-79.425885,1,Non-Fatal Injury,2020
43.657873,-79.400014,1,Non-Fatal Injury,2020
43.657725,-79.381497,1,Non-Fatal Injury,2020
43.655287,-79.373875,1,Non-Fatal Injury,2020
43.688666,-79.420537,1,Non-Fatal Injury,2020
43.65769,-79.374806,1,Non-Fatal Injury,2020
43.671263,-79.373227,1,Non-Fatal Injury,2020
43.653227,-79.341466,1,Non-Fatal Injury,2020
43.647951,-79.404286,1,Non-Fatal Injury,2020
43.668646,-79.394101,1,Non-Fatal Injury,2020
43.659369,-79.365979,1,Non-Fatal Injury,2020
43.655104,-79.379086,1,Non-Fatal Injury,2020
43.658259,-79.3522,1,Non-Fatal Injury,2020
43.66239,-79.37814,1,Non-Fatal Injury,2020
43.654005,-79.362698,1,Non-Fatal Injury,2020
43.654005,-79.362698,1,Non-Fatal Injury,2020
43.66585,-79.391858,1,Non-Fatal Injury,2020
43.66585,-79.391858,1,Non-Fatal Injury,2020
43.659785,-79.390454,1,Non-Fatal Injury,2020
43.646311,-79.384061,1,Non-Fatal Injury,2020
43.667788,-79.371091,1,Non-Fatal Injury,2020
43.669073,-79.378079,1,Non-Fatal Injury,2020
43.658408,-79.370213,1,Non-Fatal Injury,2020
43.660441,-79.387387,1,Non-Fatal Injury,2019
43.64184,-79.401852,1,Non-Fatal Injury,2019
43.647261,-79.379689,1,Non-Fatal Injury,2019
43.660742,-79.385815,1,Non-Fatal Injury,2019
43.660742,-79.385815,1,Non-Fatal Injury,2019
43.660742,-79.385815,1,Non-Fatal Injury,2019
43.660742,-79.385815,1,Non-Fatal Injury,2019
43.645365,-79.370366,1,Non-Fatal Injury,2019
43.642931,-79.377782,1,Non-Fatal Injury,2019
43.642931,-79.377782,1,Non-Fatal Injury,2019
43.642931,-79.377782,1,Non-Fatal Injury,2019
43.642931,-79.377782,1,Non-Fatal Injury,2019
43.642931,-79.377782,1,Non-Fatal Injury,2019
43.651099,-79.381291,1,Non-Fatal Injury,2019
43.652239,-79.40598,1,Non-Fatal Injury,2019
43.647261,-79.379689,1,Non-Fatal Injury,2019
43.652319,-79.363743,1,Non-Fatal Injury,2019
43.652319,-79.363743,1,Non-Fatal Injury,2019
43.6798,-79.340138,1,Non-Fatal Injury,2019
43.656611,-79.38287,1,Non-Fatal Injury,2019
43.668784,-79.393414,1,Non-Fatal Injury,2019
43.668784,-79.393414,1,Non-Fatal Injury,2019
43.663443,-79.38596,1,Non-Fatal Injury,2019
43.655394,-79.388562,1,Non-Fatal Injury,2019
43.670126,-79.360112,1,Non-Fatal Injury,2019
43.658259,-79.3522,1,Non-Fatal Injury,2019
43.658259,-79.3522,1,Non-Fatal Injury,2019
43.68801,-79.394101,1,Non-Fatal Injury,2019
43.644652,-79.416264,1,Non-Fatal Injury,2019
43.657873,-79.400098,1,Non-Fatal Injury,2019
43.651236,-79.377454,1,Non-Fatal Injury,2019
43.654719,-79.388272,1,Non-Fatal Injury,2019
43.65148,-79.40968,1,Non-Fatal Injury,2019
43.65148,-79.40968,1,Non-Fatal Injury,2019
43.677485,-79.351925,1,Non-Fatal Injury,2019
43.677485,-79.351925,1,Non-Fatal Injury,2019
43.677485,-79.351925,1,Non-Fatal Injury,2019
43.642134,-79.428601,1,Non-Fatal Injury,2019
43.639891,-79.380162,1,Non-Fatal Injury,2019
43.644652,-79.416264,1,Non-Fatal Injury,2019
43.647265,-79.39935,1,Non-Fatal Injury,2019
43.638205,-79.388638,1,Non-Fatal Injury,2019
43.638205,-79.388638,1,Non-Fatal Injury,2019
43.658259,-79.3522,1,Non-Fatal Injury,2019
43.655188,-79.358906,1,Non-Fatal Injury,2019
43.647936,-79.386334,1,Non-Fatal Injury,2019
43.663992,-79.369282,1,Non-Fatal Injury,2019
43.663992,-79.369282,1,Non-Fatal Injury,2019
43.63035,-79.419743,1,Non-Fatal Injury,2019
43.63035,-79.419743,1,Non-Fatal Injury,2019
43.63238,-79.410855,1,Non-Fatal Injury,2019
43.642409,-79.373028,1,Non-Fatal Injury,2019
43.642134,-79.428601,1,Non-Fatal Injury,2019
43.652914,-79.364743,1,Non-Fatal Injury,2019
43.652914,-79.364743,1,Non-Fatal Injury,2019
43.652914,-79.364743,1,Non-Fatal Injury,2019
43.675249,-79.424039,1,Non-Fatal Injury,2019
43.67393,-79.396268,1,Non-Fatal Injury,2019
43.669802,-79.388394,1,Non-Fatal Injury,2019
43.661913,-79.425618,1,Non-Fatal Injury,2019
43.667624,-79.34277,1,Non-Fatal Injury,2019
43.667624,-79.34277,1,Non-Fatal Injury,2019
43.658251,-79.385586,1,Non-Fatal Injury,2019
43.647738,-79.424084,1,Non-Fatal Injury,2019
43.647738,-79.424084,1,Non-Fatal Injury,2019
43.647738,-79.424084,1,Non-Fatal Injury,2019
43.642573,-79.426488,1,Non-Fatal Injury,2019
43.642573,-79.426488,1,Non-Fatal Injury,2019
43.642573,-79.426488,1,Non-Fatal Injury,2019
43.64836,-79.381207,1,Non-Fatal Injury,2019
43.64836,-79.381207,1,Non-Fatal Injury,2019
43.64836,-79.381207,1,Non-Fatal Injury,2019
43.662955,-79.410367,1,Non-Fatal Injury,2019
43.662955,-79.410367,1,Non-Fatal Injury,2019
43.65687,-79.364964,1,Non-Fatal Injury,2019
43.65687,-79.364964,1,Non-Fatal Injury,2019
43.65687,-79.364964,1,Non-Fatal Injury,2019
43.65687,-79.364964,1,Non-Fatal Injury,2019
43.650011,-79.38625,1,Non-Fatal Injury,2019
43.650347,-79.388608,1,Non-Fatal Injury,2019
43.650347,-79.388608,1,Non-Fatal Injury,2019
43.660742,-79.385815,1,Non-Fatal Injury,2019
43.660742,-79.385815,1,Non-Fatal Injury,2019
43.660742,-79.385815,1,Non-Fatal Injury,2019
43.660742,-79.385815,1,Non-Fatal Injury,2019
43.660742,-79.385815,1,Non-Fatal Injury,2019
43.676657,-79.415745,1,Non-Fatal Injury,2019
43.676657,-79.415745,1,Non-Fatal Injury,2019
43.676657,-79.415745,1,Non-Fatal Injury,2019
43.676657,-79.415745,1,Non-Fatal Injury,2019
43.674467,-79.380154,1,Non-Fatal Injury,2019
43.644381,-79.400059,1,Non-Fatal Injury,2019
43.651427,-79.379803,1,Non-Fatal Injury,2019
43.644381,-79.400059,1,Non-Fatal Injury,2019
43.64033,-79.383176,1,Non-Fatal Injury,2019
43.662169,-79.372632,1,Non-Fatal Injury,2019
43.654002,-79.373357,1,Non-Fatal Injury,2019
43.654356,-79.406003,1,Non-Fatal Injury,2019
43.654356,-79.406003,1,Non-Fatal Injury,2019
43.636412,-79.399609,1,Non-Fatal Injury,2019
43.676298,-79.40051,1,Non-Fatal Injury,2019
43.656409,-79.407681,1,Non-Fatal Injury,2019
43.639761,-79.382916,1,Non-Fatal Injury,2019
43.678145,-79.424237,1,Non-Fatal Injury,2019
43.664927,-79.384572,1,Non-Fatal Injury,2019
43.678198,-79.348271,1,Non-Fatal Injury,2019
43.652632,-79.372792,1,Non-Fatal Injury,2019
43.675864,-79.40746,1,Non-Fatal Injury,2019
43.643629,-79.389951,1,Non-Fatal Injury,2019
43.651964,-79.381077,1,Non-Fatal Injury,2019
43.638842,-79.386563,1,Non-Fatal Injury,2019
43.659022,-79.382077,1,Non-Fatal Injury,2019
43.677721,-79.350712,1,Non-Fatal Injury,2019
43.677721,-79.350712,1,Non-Fatal Injury,2019
43.677721,-79.350712,1,Non-Fatal Injury,2019
43.645556,-79.369809,1,Non-Fatal Injury,2019
43.645556,-79.369809,1,Non-Fatal Injury,2019
43.645556,-79.369809,1,Non-Fatal Injury,2019
43.645556,-79.369809,1,Non-Fatal Injury,2019
43.645556,-79.369809,1,Non-Fatal Injury,2019
43.645556,-79.369809,1,Non-Fatal Injury,2019
43.645556,-79.369809,1,Non-Fatal Injury,2019
43.658438,-79.384854,1,Non-Fatal Injury,2019
43.658438,-79.384854,1,Non-Fatal Injury,2019
43.648451,-79.377606,1,Non-Fatal Injury,2018
43.652998,-79.397412,1,Non-Fatal Injury,2018
43.645922,-79.409909,1,Non-Fatal Injury,2018
43.6397,-79.381093,1,Non-Fatal Injury,2018
43.664225,-79.367955,1,Non-Fatal Injury,2018
43.648692,-79.396344,1,Non-Fatal Injury,2018
43.648692,-79.396344,1,Non-Fatal Injury,2018
43.648692,-79.396344,1,Non-Fatal Injury,2018
43.648692,-79.396344,1,Non-Fatal Injury,2018
43.667879,-79.428113,1,Non-Fatal Injury,2018
43.648657,-79.371121,1,Non-Fatal Injury,2018
43.652239,-79.40598,1,Non-Fatal Injury,2018
43.654944,-79.367169,1,Non-Fatal Injury,2018
43.672366,-79.38612,1,Non-Fatal Injury,2018
43.646696,-79.382237,1,Non-Fatal Injury,2018
43.646696,-79.382237,1,Non-Fatal Injury,2018
43.653273,-79.396123,1,Non-Fatal Injury,2018
43.657229,-79.373418,1,Non-Fatal Injury,2018
43.639712,-79.38107,1,Non-Fatal Injury,2018
43.63613,-79.40041,1,Non-Fatal Injury,2018
43.662398,-79.386342,1,Non-Fatal Injury,2018
43.652632,-79.372792,1,Non-Fatal Injury,2018
43.656859,-79.378583,1,Non-Fatal Injury,2018
43.653654,-79.373219,1,Non-Fatal Injury,2018
43.680037,-79.425023,1,Non-Fatal Injury,2018
43.66749,-79.385655,1,Non-Fatal Injury,2018
43.645056,-79.365422,1,Non-Fatal Injury,2018
43.64958,-79.422856,1,Non-Fatal Injury,2018
43.678217,-79.380551,1,Non-Fatal Injury,2018
43.654486,-79.363988,1,Non-Fatal Injury,2018
43.647772,-79.377331,1,Non-Fatal Injury,2018
43.647772,-79.377331,1,Non-Fatal Injury,2018
43.645441,-79.412373,1,Non-Fatal Injury,2018
43.67317,-79.40453,1,Non-Fatal Injury,2018
43.67317,-79.40453,1,Non-Fatal Injury,2018
43.67317,-79.40453,1,Non-Fatal Injury,2018
43.659369,-79.365979,1,Non-Fatal Injury,2018
43.651121,-79.391614,1,Non-Fatal Injury,2018
43.658102,-79.38638,1,Non-Fatal Injury,2018
43.671362,-79.429555,1,Non-Fatal Injury,2018
43.661993,-79.425084,1,Non-Fatal Injury,2018
43.661078,-79.429395,1,Non-Fatal Injury,2018
43.645773,-79.410748,1,Non-Fatal Injury,2018
43.645773,-79.410748,1,Non-Fatal Injury,2018
43.645773,-79.410748,1,Non-Fatal Injury,2018
43.642554,-79.34026,1,Non-Fatal Injury,2018
43.642554,-79.34026,1,Non-Fatal Injury,2018
43.652201,-79.401105,1,Non-Fatal Injury,2018
43.652201,-79.401105,1,Non-Fatal Injury,2018
43.652201,-79.401105,1,Non-Fatal Injury,2018
43.66683,-79.402669,1,Non-Fatal Injury,2018
43.66683,-79.402669,1,Non-Fatal Injury,2018
43.659117,-79.348462,1,Non-Fatal Injury,2018
43.65375,-79.393819,1,Non-Fatal Injury,2018
43.65375,-79.393819,1,Non-Fatal Injury,2018
43.682524,-79.421002,1,Non-Fatal Injury,2018
43.65462,-79.373608,1,Non-Fatal Injury,2018
43.647261,-79.379689,1,Non-Fatal Injury,2018
43.647772,-79.377331,1,Non-Fatal Injury,2018
43.655169,-79.386021,1,Non-Fatal Injury,2018
43.674387,-79.422581,1,Non-Fatal Injury,2018
43.683455,-79.400166,1,Non-Fatal Injury,2018
43.683455,-79.400166,1,Non-Fatal Injury,2018
43.646399,-79.403752,1,Non-Fatal Injury,2018
43.640677,-79.401379,1,Non-Fatal Injury,2018
43.66408,-79.343037,1,Non-Fatal Injury,2018
43.6561,-79.351758,1,Non-Fatal Injury,2018
43.6561,-79.351758,1,Non-Fatal Injury,2018
43.654326,-79.422665,1,Non-Fatal Injury,2018
43.660143,-79.382588,1,Non-Fatal Injury,2018
43.642443,-79.38329,1,Non-Fatal Injury,2018
43.648566,-79.386578,1,Non-Fatal Injury,2018
43.648566,-79.386578,1,Non-Fatal Injury,2018
43.676131,-79.35883,1,Non-Fatal Injury,2018
43.658221,-79.370991,1,Non-Fatal Injury,2018
43.66889,-79.404736,1,Non-Fatal Injury,2018
43.668646,-79.394101,1,Non-Fatal Injury,2018
43.668646,-79.394101,1,Non-Fatal Injury,2018
43.668646,-79.394101,1,Non-Fatal Injury,2018
43.65148,-79.409695,1,Non-Fatal Injury,2018
43.654337,-79.36031,1,Non-Fatal Injury,2018
43.656603,-79.382832,1,Non-Fatal Injury,2018
43.656603,-79.382832,1,Non-Fatal Injury,2018
43.659239,-79.347897,1,Non-Fatal Injury,2018
43.66144,-79.409734,1,Non-Fatal Injury,2018
43.66144,-79.409734,1,Non-Fatal Injury,2018
43.66144,-79.409734,1,Non-Fatal Injury,2018
43.649039,-79.394719,1,Non-Fatal Injury,2018
43.679815,-79.416943,1,Non-Fatal Injury,2017
43.651178,-79.374913,1,Non-Fatal Injury,2017
43.651178,-79.374913,1,Non-Fatal Injury,2017
43.648576,-79.380238,1,Non-Fatal Injury,2017
43.663755,-79.410679,1,Non-Fatal Injury,2017
43.646238,-79.377827,1,Non-Fatal Injury,2017
43.646238,-79.377827,1,Non-Fatal Injury,2017
43.662397,-79.386341,1,Non-Fatal Injury,2017
43.683954,-79.356282,1,Non-Fatal Injury,2017
43.654451,-79.369419,1,Non-Fatal Injury,2017
43.652631,-79.372792,1,Non-Fatal Injury,2017
43.652631,-79.372792,1,Non-Fatal Injury,2017
43.650777,-79.386593,1,Non-Fatal Injury,2017
43.650777,-79.386593,1,Non-Fatal Injury,2017
43.650777,-79.386593,1,Non-Fatal Injury,2017
43.659105,-79.398533,1,Non-Fatal Injury,2017
43.659105,-79.398533,1,Non-Fatal Injury,2017
43.657941,-79.400021,1,Non-Fatal Injury,2017
43.650819,-79.34692,1,Non-Fatal Injury,2017
43.670686,-79.343983,1,Non-Fatal Injury,2017
43.654211,-79.406796,1,Non-Fatal Injury,2017
43.654211,-79.406796,1,Non-Fatal Injury,2017
43.662649,-79.363514,1,Non-Fatal Injury,2017
43.639734,-79.380925,1,Non-Fatal Injury,2017
43.659128,-79.393444,1,Non-Fatal Injury,2017
43.659128,-79.393444,1,Non-Fatal Injury,2017
43.676656,-79.415745,1,Non-Fatal Injury,2017
43.653749,-79.393818,1,Non-Fatal Injury,2017
43.657343,-79.381329,1,Non-Fatal Injury,2017
43.657663,-79.354924,1,Non-Fatal Injury,2017
43.657663,-79.354924,1,Non-Fatal Injury,2017
43.657663,-79.354924,1,Non-Fatal Injury,2017
43.657663,-79.354924,1,Non-Fatal Injury,2017
43.657663,-79.354924,1,Non-Fatal Injury,2017
43.657663,-79.354924,1,Non-Fatal Injury,2017
43.65888,-79.394642,1,Non-Fatal Injury,2017
43.678197,-79.348271,1,Non-Fatal Injury,2017
43.655134,-79.398892,1,Non-Fatal Injury,2017
43.640684,-79.411427,1,Non-Fatal Injury,2017
43.66477,-79.341572,1,Non-Fatal Injury,2017
43.66477,-79.341572,1,Non-Fatal Injury,2017
43.664739,-79.355137,1,Non-Fatal Injury,2017
43.670023,-79.428982,1,Non-Fatal Injury,2017
43.655351,-79.385182,1,Non-Fatal Injury,2017
43.674871,-79.395359,1,Non-Fatal Injury,2017
43.650336,-79.37843,1,Non-Fatal Injury,2017
43.650594,-79.387455,1,Non-Fatal Injury,2017
43.671491,-79.389256,1,Non-Fatal Injury,2017
43.671491,-79.389256,1,Non-Fatal Injury,2017
43.665647,-79.380917,1,Non-Fatal Injury,2017
43.686502,-79.401768,1,Non-Fatal Injury,2017
43.679411,-79.34219,1,Non-Fatal Injury,2017
43.679411,-79.34219,1,Non-Fatal Injury,2017
43.679411,-79.34219,1,Non-Fatal Injury,2017
43.675367,-79.404187,1,Non-Fatal Injury,2017
43.686567,-79.401455,1,Non-Fatal Injury,2017
43.675794,-79.407452,1,Non-Fatal Injury,2017
43.640489,-79.392964,1,Non-Fatal Injury,2017
43.652082,-79.404805,1,Non-Fatal Injury,2017
43.652368,-79.379223,1,Non-Fatal Injury,2017
43.652006,-79.396527,1,Non-Fatal Injury,2017
43.645483,-79.378895,1,Non-Fatal Injury,2017
43.660642,-79.354687,1,Non-Fatal Injury,2017
43.659788,-79.399906,1,Non-Fatal Injury,2017
43.641969,-79.41193,1,Non-Fatal Injury,2017
43.658472,-79.424275,1,Non-Fatal Injury,2017
43.663511,-79.390606,1,Non-Fatal Injury,2017
43.656637,-79.374394,1,Non-Fatal Injury,2017
43.650121,-79.389714,1,Non-Fatal Injury,2017
43.665907,-79.407437,1,Non-Fatal Injury,2017
43.63035,-79.419743,1,Non-Fatal Injury,2017
43.631357,-79.429142,1,Non-Fatal Injury,2017
43.666582,-79.403828,1,Non-Fatal Injury,2017
43.666582,-79.403828,1,Non-Fatal Injury,2017
43.666582,-79.403828,1,Non-Fatal Injury,2017
43.666582,-79.403828,1,Non-Fatal Injury,2017
43.666582,-79.403828,1,Non-Fatal Injury,2017
43.647634,-79.401371,1,Non-Fatal Injury,2017
43.655393,-79.388562,1,Non-Fatal Injury,2017
43.655393,-79.388562,1,Non-Fatal Injury,2017
43.655393,-79.388562,1,Non-Fatal Injury,2017
43.641996,-79.379879,1,Non-Fatal Injury,2017
43.673963,-79.388302,1,Non-Fatal Injury,2017
43.642732,-79.408192,1,Non-Fatal Injury,2017
43.644624,-79.429509,1,Non-Fatal Injury,2017
43.642801,-79.42545,1,Non-Fatal Injury,2017
43.640257,-79.383152,1,Non-Fatal Injury,2017
43.640257,-79.383152,1,Non-Fatal Injury,2017
43.670877,-79.370655,1,Non-Fatal Injury,2017
43.688478,-79.353276,1,Non-Fatal Injury,2017
43.649114,-79.384068,1,Non-Fatal Injury,2017
43.660642,-79.354687,1,Non-Fatal Injury,2017
43.652914,-79.406277,1,Non-Fatal Injury,2016
43.647318,-79.379727,1,Non-Fatal Injury,2016
43.664972,-79.426915,1,Non-Fatal Injury,2016
43.646669,-79.406567,1,Non-Fatal Injury,2016
43.652914,-79.406277,1,Non-Fatal Injury,2016
43.652914,-79.406277,1,Non-Fatal Injury,2016
43.652914,-79.406277,1,Non-Fatal Injury,2016
43.652914,-79.406277,1,Non-Fatal Injury,2016
43.637418,-79.428685,1,Non-Fatal Injury,2016
43.638826,-79.400639,1,Non-Fatal Injury,2016
43.638826,-79.400639,1,Non-Fatal Injury,2016
43.638826,-79.400639,1,Non-Fatal Injury,2016
43.638826,-79.400639,1,Non-Fatal Injury,2016
43.647318,-79.379727,1,Non-Fatal Injury,2016
43.638826,-79.400639,1,Non-Fatal Injury,2016
43.638826,-79.400639,1,Non-Fatal Injury,2016
43.638826,-79.400639,1,Non-Fatal Injury,2016
43.638826,-79.400639,1,Non-Fatal Injury,2016
43.638826,-79.400639,1,Non-Fatal Injury,2016
43.638826,-79.400639,1,Non-Fatal Injury,2016
43.638826,-79.400639,1,Non-Fatal Injury,2016
43.653795,-79.422459,1,Non-Fatal Injury,2016
43.689436,-79.348339,1,Non-Fatal Injury,2016
43.679811,-79.416973,1,Non-Fatal Injury,2016
43.679811,-79.416973,1,Non-Fatal Injury,2016
43.682748,-79.346279,1,Non-Fatal Injury,2016
43.647318,-79.379727,1,Non-Fatal Injury,2016
43.647318,-79.379727,1,Non-Fatal Injury,2016
43.647318,-79.379727,1,Non-Fatal Injury,2016
43.629957,-79.425549,1,Non-Fatal Injury,2016
43.629957,-79.425549,1,Non-Fatal Injury,2016
43.629957,-79.425549,1,Non-Fatal Injury,2016
43.629957,-79.425549,1,Non-Fatal Injury,2016
43.629957,-79.425549,1,Non-Fatal Injury,2016
43.647649,-79.3848,1,Non-Fatal Injury,2016
43.656648,-79.406483,1,Non-Fatal Injury,2016
43.656648,-79.406483,1,Non-Fatal Injury,2016
43.650842,-79.386616,1,Non-Fatal Injury,2016
43.630067,-79.425717,1,Non-Fatal Injury,2016
43.630067,-79.425717,1,Non-Fatal Injury,2016
43.630067,-79.425717,1,Non-Fatal Injury,2016
43.662344,-79.376675,1,Non-Fatal Injury,2016
43.647833,-79.377362,1,Non-Fatal Injury,2016
43.64446,-79.406521,1,Non-Fatal Injury,2016
43.666147,-79.352902,1,Non-Fatal Injury,2016
43.649393,-79.420033,1,Non-Fatal Injury,2016
43.679185,-79.424671,1,Non-Fatal Injury,2016
43.679185,-79.424671,1,Non-Fatal Injury,2016
43.659265,-79.366696,1,Non-Fatal Injury,2016
43.650011,-79.38625,1,Non-Fatal Injury,2016
43.671213,-79.405659,1,Non-Fatal Injury,2016
43.671213,-79.405659,1,Non-Fatal Injury,2016
43.654245,-79.383168,1,Non-Fatal Injury,2016
43.654245,-79.383168,1,Non-Fatal Injury,2016
43.645067,-79.383419,1,Non-Fatal Injury,2016
43.647844,-79.390286,1,Non-Fatal Injury,2016
43.65378,-79.378537,1,Non-Fatal Injury,2016
43.646951,-79.37418,1,Non-Fatal Injury,2016
43.650388,-79.37846,1,Non-Fatal Injury,2016
43.671033,-79.383152,1,Non-Fatal Injury,2016
43.659265,-79.366696,1,Non-Fatal Injury,2016
43.659265,-79.366696,1,Non-Fatal Injury,2016
43.68942,-79.348805,1,Non-Fatal Injury,2016
43.657518,-79.389477,1,Non-Fatal Injury,2016
43.646898,-79.401089,1,Non-Fatal Injury,2016
43.656992,-79.374531,1,Non-Fatal Injury,2016
43.64681,-79.376934,1,Non-Fatal Injury,2016
43.641569,-79.391865,1,Non-Fatal Injury,2016
43.641569,-79.391865,1,Non-Fatal Injury,2016
43.650819,-79.34692,1,Non-Fatal Injury,2016
43.650819,-79.34692,1,Non-Fatal Injury,2016
43.650819,-79.34692,1,Non-Fatal Injury,2016
43.650819,-79.34692,1,Non-Fatal Injury,2016
43.650819,-79.34692,1,Non-Fatal Injury,2016
43.650819,-79.34692,1,Non-Fatal Injury,2016
43.6681,-79.369526,1,Non-Fatal Injury,2016
43.645555,-79.369816,1,Non-Fatal Injury,2016
43.645555,-79.369816,1,Non-Fatal Injury,2016
43.645555,-79.369816,1,Non-Fatal Injury,2016
43.629968,-79.425587,1,Non-Fatal Injury,2016
43.629968,-79.425587,1,Non-Fatal Injury,2016
43.677938,-79.349583,1,Non-Fatal Injury,2016
43.663904,-79.358227,1,Non-Fatal Injury,2016
43.663904,-79.358227,1,Non-Fatal Injury,2016
43.663438,-79.371479,1,Non-Fatal Injury,2016
43.660364,-79.375859,1,Non-Fatal Injury,2016
43.660364,-79.375859,1,Non-Fatal Injury,2016
43.677938,-79.349583,1,Non-Fatal Injury,2016
43.671095,-79.429455,1,Non-Fatal Injury,2016
43.665315,-79.409954,1,Non-Fatal Injury,2016
43.647321,-79.386074,1,Non-Fatal Injury,2016
43.677938,-79.349583,1,Non-Fatal Injury,2016
43.681558,-79.41766,1,Non-Fatal Injury,2016
43.660963,-79.397129,1,Non-Fatal Injury,2016
43.660963,-79.397129,1,Non-Fatal Injury,2016
43.674295,-79.367329,1,Non-Fatal Injury,2016
43.648908,-79.354901,1,Non-Fatal Injury,2016
43.6681,-79.369526,1,Non-Fatal Injury,2016
43.637376,-79.401898,1,Non-Fatal Injury,2016
43.637376,-79.401898,1,Non-Fatal Injury,2016
43.637376,-79.401898,1,Non-Fatal Injury,2016
43.676687,-79.397389,1,Non-Fatal Injury,2016
43.676687,-79.397389,1,Non-Fatal Injury,2016
43.676687,-79.397389,1,Non-Fatal Injury,2016
43.689775,-79.421009,1,Non-Fatal Injury,2016
43.645658,-79.400593,1,Non-Fatal Injury,2016
43.662908,-79.37431,1,Non-Fatal Injury,2016
43.665315,-79.409954,1,Non-Fatal Injury,2016
43.638887,-79.427334,1,Non-Fatal Injury,2016
43.65323,-79.375103,1,Non-Fatal Injury,2016
43.65323,-79.375103,1,Non-Fatal Injury,2016
43.66049,-79.370274,1,Non-Fatal Injury,2016
43.672098,-79.38477,1,Non-Fatal Injury,2016
43.639722,-79.380909,1,Non-Fatal Injury,2016
43.683961,-79.361607,1,Non-Fatal Injury,2016
43.659624,-79.375569,1,Non-Fatal Injury,2016
43.674993,-79.390942,1,Non-Fatal Injury,2016
43.657663,-79.408207,1,Non-Fatal Injury,2015
43.654382,-79.39864,1,Non-Fatal Injury,2015
43.646459,-79.403752,1,Non-Fatal Injury,2015
43.646459,-79.403752,1,Non-Fatal Injury,2015
43.667284,-79.373768,1,Non-Fatal Injury,2015
43.63857,-79.429127,1,Non-Fatal Injury,2015
43.665727,-79.375523,1,Non-Fatal Injury,2015
43.68942,-79.412999,1,Non-Fatal Injury,2015
43.645555,-79.369816,1,Non-Fatal Injury,2015
43.67539,-79.358074,1,Non-Fatal Injury,2015
43.661627,-79.380185,1,Non-Fatal Injury,2015
43.686712,-79.405064,1,Non-Fatal Injury,2015
43.686712,-79.405064,1,Non-Fatal Injury,2015
43.659292,-79.347927,1,Non-Fatal Injury,2015
43.659292,-79.347927,1,Non-Fatal Injury,2015
43.659292,-79.347927,1,Non-Fatal Injury,2015
43.659292,-79.347927,1,Non-Fatal Injury,2015
43.64681,-79.376934,1,Non-Fatal Injury,2015
43.64681,-79.376934,1,Non-Fatal Injury,2015
43.678197,-79.348271,1,Non-Fatal Injury,2015
43.678197,-79.348271,1,Non-Fatal Injury,2015
43.678197,-79.348271,1,Non-Fatal Injury,2015
43.641294,-79.401638,1,Non-Fatal Injury,2015
43.672414,-79.387684,1,Non-Fatal Injury,2015
43.672414,-79.387684,1,Non-Fatal Injury,2015
43.653158,-79.397023,1,Non-Fatal Injury,2015
43.653158,-79.397023,1,Non-Fatal Injury,2015
43.662904,-79.37434,1,Non-Fatal Injury,2015
43.658361,-79.400219,1,Non-Fatal Injury,2015
43.663694,-79.359234,1,Non-Fatal Injury,2015
43.634424,-79.408741,1,Non-Fatal Injury,2015
43.634424,-79.408741,1,Non-Fatal Injury,2015
43.630415,-79.419773,1,Non-Fatal Injury,2015
43.674844,-79.407109,1,Non-Fatal Injury,2015
43.651945,-79.377751,1,Non-Fatal Injury,2015
43.651945,-79.377751,1,Non-Fatal Injury,2015
43.651945,-79.377751,1,Non-Fatal Injury,2015
43.651945,-79.377751,1,Non-Fatal Injury,2015
43.651945,-79.377751,1,Non-Fatal Injury,2015
43.651945,-79.377751,1,Non-Fatal Injury,2015
43.654382,-79.39864,1,Non-Fatal Injury,2015
43.642316,-79.383969,1,Non-Fatal Injury,2015
43.64895,-79.371243,1,Non-Fatal Injury,2015
43.659845,-79.390484,1,Non-Fatal Injury,2015
43.6746,-79.408253,1,Non-Fatal Injury,2015
43.6746,-79.408253,1,Non-Fatal Injury,2015
43.6746,-79.408253,1,Non-Fatal Injury,2015
43.640741,-79.411465,1,Non-Fatal Injury,2015
43.653513,-79.340779,1,Non-Fatal Injury,2015
43.653513,-79.340779,1,Non-Fatal Injury,2015
43.646589,-79.38303,1,Non-Fatal Injury,2015
43.666475,-79.375843,1,Non-Fatal Injury,2015
43.656545,-79.423527,1,Non-Fatal Injury,2015
43.657362,-79.356541,1,Non-Fatal Injury,2015
43.649561,-79.419529,1,Non-Fatal Injury,2015
43.662855,-79.367382,1,Non-Fatal Injury,2015
43.65621,-79.408947,1,Non-Fatal Injury,2015
43.640974,-79.417233,1,Non-Fatal Injury,2015
43.65405,-79.379963,1,Non-Fatal Injury,2015
43.65405,-79.379963,1,Non-Fatal Injury,2015
43.65405,-79.379963,1,Non-Fatal Injury,2015
43.65405,-79.379963,1,Non-Fatal Injury,2015
43.65405,-79.379963,1,Non-Fatal Injury,2015
43.65405,-79.379963,1,Non-Fatal Injury,2015
43.65405,-79.379963,1,Non-Fatal Injury,2015
43.634428,-79.408734,1,Non-Fatal Injury,2015
43.634428,-79.408734,1,Non-Fatal Injury,2015
43.671148,-79.382336,1,Non-Fatal Injury,2015
43.647012,-79.387486,1,Non-Fatal Injury,2015
43.643003,-79.424809,1,Non-Fatal Injury,2015
43.643003,-79.424809,1,Non-Fatal Injury,2015
43.642198,-79.402005,1,Non-Fatal Injury,2015
43.659013,-79.349186,1,Non-Fatal Injury,2015
43.659013,-79.349186,1,Non-Fatal Injury,2015
43.659013,-79.349186,1,Non-Fatal Injury,2015
43.636404,-79.399624,1,Non-Fatal Injury,2015
43.636404,-79.399624,1,Non-Fatal Injury,2015
43.669454,-79.376644,1,Non-Fatal Injury,2015
43.669454,-79.376644,1,Non-Fatal Injury,2015
43.644941,-79.397633,1,Non-Fatal Injury,2015
43.668947,-79.404766,1,Non-Fatal Injury,2015
43.668947,-79.404766,1,Non-Fatal Injury,2015
43.668947,-79.404766,1,Non-Fatal Injury,2015
43.65267,-79.378079,1,Non-Fatal Injury,2015
43.639391,-79.424801,1,Non-Fatal Injury,2015
43.663118,-79.37302,1,Non-Fatal Injury,2015
43.645292,-79.413159,1,Non-Fatal Injury,2015
43.64372,-79.421101,1,Non-Fatal Injury,2015
43.64372,-79.421101,1,Non-Fatal Injury,2015
43.64372,-79.421101,1,Non-Fatal Injury,2015
43.64372,-79.421101,1,Non-Fatal Injury,2015
43.663179,-79.373051,1,Non-Fatal Injury,2015
43.662222,-79.352246,1,Non-Fatal Injury,2014
43.662222,-79.352246,1,Non-Fatal Injury,2014
43.643556,-79.421955,1,Non-Fatal Injury,2014
43.643556,-79.421955,1,Non-Fatal Injury,2014
43.643556,-79.421955,1,Non-Fatal Injury,2014
43.643556,-79.421955,1,Non-Fatal Injury,2014
43.643556,-79.421955,1,Non-Fatal Injury,2014
43.668028,-79.342915,1,Non-Fatal Injury,2014
43.668028,-79.342915,1,Non-Fatal Injury,2014
43.667631,-79.385304,1,Non-Fatal Injury,2014
43.642072,-79.37743,1,Non-Fatal Injury,2014
43.642072,-79.37743,1,Non-Fatal Injury,2014
43.642072,-79.37743,1,Non-Fatal Injury,2014
43.673132,-79.414379,1,Non-Fatal Injury,2014
43.652711,-79.363247,1,Non-Fatal Injury,2014
43.645559,-79.369816,1,Non-Fatal Injury,2014
43.648752,-79.396374,1,Non-Fatal Injury,2014
43.654512,-79.369465,1,Non-Fatal Injury,2014
43.64142,-79.380863,1,Non-Fatal Injury,2014
43.64142,-79.380863,1,Non-Fatal Injury,2014
43.66459,-79.355954,1,Non-Fatal Injury,2014
43.664335,-79.35587,1,Non-Fatal Injury,2014
43.647443,-79.375767,1,Non-Fatal Injury,2014
43.647409,-79.402821,1,Non-Fatal Injury,2014
43.666639,-79.403858,1,Non-Fatal Injury,2014
43.68712,-79.393696,1,Non-Fatal Injury,2014
43.663042,-79.402096,1,Non-Fatal Injury,2014
43.663042,-79.402096,1,Non-Fatal Injury,2014
43.648531,-79.371937,1,Non-Fatal Injury,2014
43.649572,-79.429814,1,Non-Fatal Injury,2014
43.655111,-79.398899,1,Non-Fatal Injury,2014
43.6532,-79.379574,1,Non-Fatal Injury,2014
43.6532,-79.379574,1,Non-Fatal Injury,2014
43.643873,-79.378193,1,Non-Fatal Injury,2014
43.638891,-79.39098,1,Non-Fatal Injury,2014
43.638891,-79.39098,1,Non-Fatal Injury,2014
43.638891,-79.39098,1,Non-Fatal Injury,2014
43.638891,-79.39098,1,Non-Fatal Injury,2014
43.638891,-79.39098,1,Non-Fatal Injury,2014
43.638891,-79.39098,1,Non-Fatal Injury,2014
43.66459,-79.355954,1,Non-Fatal Injury,2014
43.649427,-79.42474,1,Non-Fatal Injury,2014
43.649427,-79.42474,1,Non-Fatal Injury,2014
43.647649,-79.3848,1,Non-Fatal Injury,2014
43.660867,-79.373524,1,Non-Fatal Injury,2014
43.660867,-79.373524,1,Non-Fatal Injury,2014
43.670751,-79.388913,1,Non-Fatal Injury,2014
43.662454,-79.351361,1,Non-Fatal Injury,2014
43.646429,-79.366124,1,Non-Fatal Injury,2014
43.646429,-79.366124,1,Non-Fatal Injury,2014
43.646429,-79.366124,1,Non-Fatal Injury,2014
43.646429,-79.366124,1,Non-Fatal Injury,2014
43.657091,-79.423748,1,Non-Fatal Injury,2014
43.657091,-79.423748,1,Non-Fatal Injury,2014
43.657091,-79.423748,1,Non-Fatal Injury,2014
43.657091,-79.423748,1,Non-Fatal Injury,2014
43.657091,-79.423748,1,Non-Fatal Injury,2014
43.652895,-79.429669,1,Non-Fatal Injury,2014
43.671953,-79.370694,1,Non-Fatal Injury,2014
43.667223,-79.373738,1,Non-Fatal Injury,2014
43.68271,-79.418118,1,Non-Fatal Injury,2014
43.68271,-79.418118,1,Non-Fatal Injury,2014
43.68271,-79.418118,1,Non-Fatal Injury,2014
43.642297,-79.427853,1,Non-Fatal Injury,2014
43.658865,-79.34985,1,Non-Fatal Injury,2014
43.648214,-79.370922,1,Non-Fatal Injury,2014
43.654897,-79.420262,1,Non-Fatal Injury,2014
43.654897,-79.420262,1,Non-Fatal Injury,2014
43.656805,-79.37566,1,Non-Fatal Injury,2014
43.650777,-79.386593,1,Non-Fatal Injury,2014
43.65188,-79.38171,1,Non-Fatal Injury,2014
43.65188,-79.38171,1,Non-Fatal Injury,2014
43.65043,-79.38464,1,Non-Fatal Injury,2014
43.647291,-79.395779,1,Non-Fatal Injury,2014
43.645555,-79.369816,1,Non-Fatal Injury,2014
43.645555,-79.369816,1,Non-Fatal Injury,2014
43.645555,-79.369816,1,Non-Fatal Injury,2014
43.651315,-79.397404,1,Non-Fatal Injury,2014
43.6751,-79.391026,1,Non-Fatal Injury,2014
43.6751,-79.391026,1,Non-Fatal Injury,2014
43.649316,-79.420773,1,Non-Fatal Injury,2014
43.666212,-79.378308,1,Non-Fatal Injury,2014
43.66197,-79.425648,1,Non-Fatal Injury,2014
43.66197,-79.425648,1,Non-Fatal Injury,2014
43.662435,-79.42323,1,Non-Fatal Injury,2014
43.662435,-79.42323,1,Non-Fatal Injury,2014
