location,lat,lng,mode,departures
stop_2032,43.634401,-79.425872,transit,396
stop_13366,43.636511,-79.41471,transit,229
stop_10935,43.645652,-79.37921,transit,228
stop_13131,43.637757,-79.391176,transit,222
stop_653,43.688182,-79.355485,transit,216
stop_14816,43.667221,-79.403665,transit,216
stop_10927,43.638419,-79.39184,transit,214
stop_14511,43.635968,-79.404148,transit,207
stop_14509,43.636422,-79.407397,transit,207
stop_10210,43.63647,-79.400131,transit,206
stop_1063,43.6363,-79.410411,transit,206
stop_13362,43.63642,-79.400545,transit,206
stop_1062,43.636172,-79.410145,transit,205
stop_15502,43.636282,-79.407391,transit,204
stop_14512,43.63585,-79.403771,transit,204
stop_15190,43.635874,-79.417054,transit,204
stop_659,43.683554,-79.357145,transit,203
stop_651,43.681397,-79.357724,transit,202
stop_649,43.679749,-79.358155,transit,202
stop_3369,43.679214,-79.35811,transit,202
stop_655,43.680882,-79.357665,transit,202
stop_660,43.678521,-79.358476,transit,201
stop_13344,43.640853,-79.417479,transit,200
stop_2072,43.637414,-79.426893,transit,198
stop_2092,43.635014,-79.425934,transit,198
stop_2071,43.636946,-79.426505,transit,197
stop_1759,43.667664,-79.353308,transit,188
stop_1766,43.669638,-79.35303,transit,188
stop_1761,43.671897,-79.354734,transit,187
stop_1768,43.674192,-79.356904,transit,187
stop_1767,43.669859,-79.353435,transit,187
stop_1760,43.668079,-79.353319,transit,187
stop_1763,43.666481,-79.353132,transit,187
stop_1758,43.665663,-79.352794,transit,187
stop_1769,43.674457,-79.357342,transit,186
stop_1762,43.672144,-79.355165,transit,185
stop_14619,43.666532,-79.411286,transit,184
stop_16754,43.646205,-79.377816,transit,180
stop_4144,43.654602,-79.360165,transit,180
stop_12584,43.636331,-79.415373,transit,180
stop_656,43.686476,-79.356194,transit,179
stop_4143,43.6543,-79.360379,transit,179
stop_4148,43.65528,-79.358705,transit,179
stop_12537,43.649982,-79.373826,transit,179
stop_15636,43.650541,-79.371287,transit,179
stop_4145,43.651169,-79.368367,transit,179
stop_15352,43.651647,-79.366167,transit,179
stop_4140,43.652556,-79.363371,transit,179
stop_15642,43.647809,-79.383692,transit,179
stop_15635,43.650391,-79.372454,transit,179
stop_12538,43.64984,-79.374971,transit,179
stop_15637,43.649058,-79.378565,transit,179
stop_15639,43.648622,-79.380619,transit,179
stop_4141,43.65291,-79.363021,transit,179
stop_4139,43.651864,-79.365876,transit,179
stop_4146,43.651347,-79.368135,transit,179
stop_657,43.684347,-79.356745,transit,178
stop_650,43.686963,-79.355778,transit,178
stop_15640,43.648724,-79.379621,transit,178
stop_15638,43.649232,-79.377256,transit,178
stop_3038,43.658204,-79.352454,transit,169
stop_3039,43.658422,-79.352103,transit,169
stop_652,43.688765,-79.355049,transit,168
stop_3032,43.658746,-79.35006,transit,168
stop_6319,43.649851,-79.342232,transit,165
stop_14639,43.677013,-79.358147,transit,160
stop_14778,43.687857,-79.391958,transit,160
stop_14540,43.639911,-79.421069,transit,156
stop_14743,43.662271,-79.426546,transit,155
stop_14746,43.662437,-79.426176,transit,151
stop_14335,43.682875,-79.419348,transit,147
stop_14336,43.683213,-79.417671,transit,147
stop_14337,43.683061,-79.418852,transit,146
stop_1108,43.664968,-79.354903,transit,142
stop_9317,43.663942,-79.35187,transit,140
stop_1757,43.665274,-79.352444,transit,140
stop_9318,43.664096,-79.35214,transit,140
stop_1756,43.6626,-79.351506,transit,140
stop_2067,43.63907,-79.427505,transit,138
stop_2066,43.638781,-79.427202,transit,138
stop_2081,43.642008,-79.428427,transit,138
stop_15030,43.64236,-79.428744,transit,137
stop_13817,43.648249,-79.385088,transit,135
stop_13824,43.660549,-79.390689,transit,135
stop_13825,43.667249,-79.393389,transit,135
stop_13853,43.670249,-79.405189,transit,135
stop_13829,43.685148,-79.41589,transit,135
stop_13828,43.674949,-79.40709,transit,134
stop_13814,43.648449,-79.377688,transit,133
stop_13820,43.651749,-79.386888,transit,133
stop_13858,43.668249,-79.399689,transit,133
stop_13811,43.652149,-79.379188,transit,133
stop_13799,43.687449,-79.393089,transit,133
stop_13802,43.682049,-79.390789,transit,133
stop_13803,43.676049,-79.388089,transit,133
stop_13806,43.664949,-79.383488,transit,133
stop_13807,43.660149,-79.382688,transit,133
stop_13804,43.677249,-79.388589,transit,133
stop_13815,43.645549,-79.381488,transit,132
stop_13821,43.655249,-79.388388,transit,132
stop_13810,43.655949,-79.380788,transit,132
stop_13864,43.670049,-79.385389,transit,132
stop_13809,43.657149,-79.381188,transit,132
stop_13823,43.659249,-79.390289,transit,131
stop_13818,43.647049,-79.384488,transit,131
stop_13812,43.653349,-79.379588,transit,131
stop_13805,43.666149,-79.383788,transit,131
stop_13801,43.683349,-79.391189,transit,131
stop_13761,43.664449,-79.41729,transit,131
stop_13827,43.673749,-79.406689,transit,130
stop_13854,43.669049,-79.404789,transit,130
stop_13857,43.668549,-79.397889,transit,130
stop_13826,43.665949,-79.392989,transit,130
stop_13822,43.654049,-79.387988,transit,130
stop_13819,43.650449,-79.386488,transit,130
stop_13816,43.645849,-79.379688,transit,130
stop_13813,43.649649,-79.378088,transit,130
stop_13808,43.661449,-79.383088,transit,130
stop_13863,43.671044,-79.385918,transit,130
stop_13800,43.688649,-79.393489,transit,130
stop_13752,43.674049,-79.368088,transit,130
stop_13757,43.670149,-79.390089,transit,130
stop_13749,43.677049,-79.358088,transit,129
stop_13830,43.683948,-79.41539,transit,128
stop_13746,43.679949,-79.344087,transit,128
stop_13748,43.678241,-79.352502,transit,128
stop_13756,43.670997,-79.385956,transit,128
stop_13852,43.667249,-79.403889,transit,128
stop_13856,43.668549,-79.397989,transit,128
stop_13764,43.662349,-79.42609,transit,128
stop_13753,43.672103,-79.376162,transit,127
stop_13760,43.665949,-79.410589,transit,127
stop_6850,43.64456,-79.416511,transit,125
stop_4178,43.642809,-79.40776,transit,124
stop_4162,43.641309,-79.415217,transit,124
stop_13762,43.664149,-79.41899,transit,124
stop_4189,43.643296,-79.405362,transit,123
stop_4155,43.640051,-79.421415,transit,123
stop_15649,43.644458,-79.399504,transit,121
stop_15648,43.645507,-79.394296,transit,121
stop_4187,43.641936,-79.412095,transit,121
stop_15353,43.639591,-79.423721,transit,121
stop_13763,43.662049,-79.42789,transit,121
stop_13851,43.666949,-79.405689,transit,121
stop_13759,43.665649,-79.41229,transit,121
stop_4149,43.655658,-79.358336,transit,120
stop_15462,43.650856,-79.356822,transit,120
stop_15646,43.646101,-79.391644,transit,120
stop_15644,43.646614,-79.389267,transit,120
stop_14640,43.677134,-79.358206,transit,120
stop_15650,43.64399,-79.401815,transit,120
stop_4175,43.640065,-79.422082,transit,120
stop_14400,43.639804,-79.423411,transit,120
stop_4166,43.639085,-79.427001,transit,120
stop_4156,43.644142,-79.40189,transit,120
stop_4190,43.643488,-79.405049,transit,120
stop_4179,43.642987,-79.407539,transit,120
stop_4188,43.642127,-79.411783,transit,120
stop_4163,43.641529,-79.414775,transit,120
stop_11021,43.641064,-79.417183,transit,120
stop_15643,43.646538,-79.390161,transit,120
stop_4181,43.646161,-79.39201,transit,120
stop_15647,43.64537,-79.395811,transit,120
stop_10176,43.644527,-79.39994,transit,120
stop_15641,43.647487,-79.385957,transit,120
stop_13855,43.668249,-79.399689,transit,120
stop_13755,43.671049,-79.386789,transit,120
stop_13758,43.669849,-79.391789,transit,120
stop_15351,43.65673,-79.356254,transit,119
stop_4142,43.657079,-79.35597,transit,119
stop_13754,43.672174,-79.376173,transit,119
stop_13750,43.676349,-79.359588,transit,119
stop_13751,43.673549,-79.369788,transit,119
stop_13745,43.679649,-79.345787,transit,118
stop_13747,43.678351,-79.352537,transit,118
stop_15824,43.648231,-79.383573,transit,117
stop_15332,43.639613,-79.381765,transit,114
stop_10945,43.641806,-79.377186,transit,114
stop_15331,43.638746,-79.386798,transit,114
stop_13371,43.636048,-79.397767,transit,114
stop_13369,43.636798,-79.396172,transit,114
stop_13367,43.636492,-79.397299,transit,114
stop_13368,43.636011,-79.398844,transit,114
stop_6864,43.63876,-79.387157,transit,114
stop_13370,43.637528,-79.392624,transit,114
stop_10946,43.641422,-79.377093,transit,114
stop_15333,43.639782,-79.381319,transit,114
stop_14635,43.677011,-79.358044,transit,112
stop_3031,43.65966,-79.346553,transit,110
stop_3033,43.658999,-79.349497,transit,110
stop_3046,43.659991,-79.344501,transit,109
stop_3058,43.660394,-79.342681,transit,109
stop_3035,43.660953,-79.340208,transit,109
stop_3047,43.660216,-79.344102,transit,109
stop_15512,43.647168,-79.361601,transit,108
stop_3072,43.659402,-79.347097,transit,108
stop_3059,43.660599,-79.342373,transit,108
stop_8123,43.642934,-79.394028,transit,108
stop_8121,43.65248,-79.397924,transit,108
stop_8129,43.64822,-79.396223,transit,108
stop_8120,43.657372,-79.399868,transit,108
stop_8128,43.655393,-79.399077,transit,108
stop_7357,43.664513,-79.40261,transit,108
stop_7347,43.658504,-79.400214,transit,108
stop_7355,43.649178,-79.396495,transit,108
stop_7349,43.653388,-79.398172,transit,108
stop_7353,43.645998,-79.395149,transit,108
stop_11985,43.6476,-79.395827,transit,108
stop_7346,43.643182,-79.394027,transit,108
stop_10929,43.640814,-79.393172,transit,106
stop_8126,43.645671,-79.395169,transit,106
stop_8131,43.651021,-79.397338,transit,106
stop_8132,43.664224,-79.402616,transit,106
stop_8124,43.662648,-79.401984,transit,106
stop_8134,43.66145,-79.401512,transit,106
stop_7358,43.661123,-79.401263,transit,106
stop_7351,43.663544,-79.402228,transit,106
stop_11986,43.655658,-79.399071,transit,106
stop_7356,43.651288,-79.397326,transit,106
stop_10777,43.641232,-79.393194,transit,106
stop_15513,43.647384,-79.361231,transit,105
stop_15515,43.645321,-79.365284,transit,105
stop_14637,43.676772,-79.358451,transit,101
stop_758,43.66307,-79.373237,transit,101
stop_755,43.663621,-79.37064,transit,101
stop_5973,43.660046,-79.424765,transit,101
stop_4632,43.684089,-79.41371,transit,99
stop_14343,43.684084,-79.413336,transit,99
stop_5974,43.659829,-79.424863,transit,99
stop_14642,43.673628,-79.36885,transit,98
stop_14617,43.666061,-79.411065,transit,97
stop_14638,43.676691,-79.358611,transit,96
stop_14798,43.665306,-79.383605,transit,96
stop_15335,43.648599,-79.404431,transit,94
stop_187,43.647375,-79.404131,transit,93
stop_178,43.654353,-79.406946,transit,93
stop_212,43.65973,-79.408924,transit,93
stop_148,43.66142,-79.409618,transit,93
stop_126,43.652178,-79.405874,transit,93
stop_16454,43.654724,-79.406874,transit,93
stop_186,43.647066,-79.4039,transit,93
stop_127,43.652475,-79.406185,transit,92
stop_149,43.661614,-79.409887,transit,92
stop_111,43.656632,-79.407861,transit,92
stop_15334,43.663902,-79.410809,transit,92
stop_167,43.663726,-79.410537,transit,92
stop_110,43.656244,-79.407513,transit,92
stop_161,43.643664,-79.402522,transit,92
stop_15225,43.642032,-79.401977,transit,91
stop_15224,43.641779,-79.401753,transit,91
stop_100,43.638947,-79.400771,transit,90
stop_162,43.644139,-79.402833,transit,90
stop_193,43.649099,-79.40483,transit,90
stop_213,43.659869,-79.409188,transit,90
stop_13672,43.638684,-79.400466,transit,90
stop_6651,43.668507,-79.369582,transit,90
stop_6648,43.669711,-79.370053,transit,90
stop_14779,43.684231,-79.415227,transit,90
stop_2014,43.644509,-79.429381,transit,88
stop_6633,43.671579,-79.37081,transit,88
stop_6653,43.665766,-79.368485,transit,88
stop_2015,43.644682,-79.429661,transit,87
stop_2074,43.640638,-79.428104,transit,87
stop_9739,43.640185,-79.427735,transit,87
stop_6638,43.671114,-79.37085,transit,86
stop_6649,43.66965,-79.370267,transit,86
stop_14345,43.688014,-79.394607,transit,83
stop_14783,43.68437,-79.415255,transit,82
stop_14871,43.68208,-79.424035,transit,81
stop_14873,43.681621,-79.426289,transit,81
stop_8159,43.687185,-79.398655,transit,81
stop_2122,43.658752,-79.368653,transit,80
stop_2124,43.659283,-79.366291,transit,80
stop_15872,43.660247,-79.361966,transit,80
stop_2126,43.661093,-79.358286,transit,80
stop_2115,43.662249,-79.351814,transit,80
stop_2175,43.64927,-79.420944,transit,80
stop_2185,43.649703,-79.418489,transit,80
stop_15354,43.651197,-79.411029,transit,80
stop_2140,43.652163,-79.406259,transit,80
stop_2156,43.651939,-79.40236,transit,80
stop_2189,43.652776,-79.398341,transit,80
stop_2146,43.65371,-79.393961,transit,80
stop_2173,43.654219,-79.391552,transit,80
stop_2193,43.654679,-79.388742,transit,80
stop_2153,43.655136,-79.386129,transit,80
stop_2142,43.655582,-79.384014,transit,80
stop_2197,43.65619,-79.38119,transit,80
stop_2116,43.656371,-79.377358,transit,80
stop_2118,43.656947,-79.374706,transit,80
stop_2130,43.65822,-79.371303,transit,80
stop_8181,43.685403,-79.407321,transit,80
stop_14351,43.685922,-79.404757,transit,80
stop_8149,43.686666,-79.400882,transit,80
stop_8160,43.687341,-79.397451,transit,80
stop_15308,43.684297,-79.415609,transit,80
stop_14344,43.684699,-79.410569,transit,80
stop_14874,43.681096,-79.428315,transit,80
stop_14872,43.681758,-79.425152,transit,80
stop_14870,43.682189,-79.422895,transit,80
stop_14334,43.682656,-79.420844,transit,80
stop_14875,43.680962,-79.429411,transit,80
stop_14780,43.684447,-79.415555,transit,80
stop_8150,43.686535,-79.402103,transit,80
stop_8163,43.685864,-79.40547,transit,80
stop_8182,43.685262,-79.408389,transit,80
stop_14355,43.684535,-79.4117,transit,80
stop_2164,43.649516,-79.429975,transit,79
stop_2172,43.649434,-79.426882,transit,79
stop_2158,43.649365,-79.424889,transit,79
stop_10181,43.650581,-79.41422,transit,79
stop_2127,43.661284,-79.358,transit,78
stop_2131,43.658406,-79.370878,transit,78
stop_2119,43.657163,-79.374378,transit,78
stop_2136,43.656426,-79.380755,transit,78
stop_2143,43.655845,-79.383493,transit,78
stop_2154,43.655337,-79.385867,transit,78
stop_2194,43.654919,-79.387813,transit,78
stop_16064,43.654566,-79.390141,transit,78
stop_2147,43.653887,-79.393724,transit,78
stop_2190,43.653064,-79.397708,transit,78
stop_2157,43.652113,-79.402165,transit,78
stop_2141,43.652424,-79.405874,transit,78
stop_15355,43.651375,-79.410818,transit,78
stop_2166,43.650777,-79.413806,transit,78
stop_15356,43.649911,-79.418123,transit,78
stop_2176,43.64943,-79.42049,transit,78
stop_2159,43.649513,-79.424553,transit,78
stop_2183,43.649553,-79.426473,transit,78
stop_2165,43.649633,-79.429626,transit,78
stop_14537,43.638634,-79.414425,transit,78
stop_14538,43.638683,-79.416984,transit,78
stop_14539,43.638372,-79.420366,transit,78
stop_5961,43.65672,-79.423493,transit,78
stop_5972,43.6584,-79.424161,transit,78
stop_11695,43.641791,-79.415057,transit,78
stop_6050,43.642626,-79.415367,transit,78
stop_6052,43.644422,-79.416079,transit,78
stop_5978,43.644832,-79.419001,transit,78
stop_15890,43.647166,-79.419842,transit,78
stop_5954,43.651764,-79.421588,transit,78
stop_5956,43.654282,-79.422547,transit,78
stop_5976,43.663933,-79.426369,transit,78
stop_5966,43.66628,-79.427347,transit,78
stop_5969,43.667784,-79.427976,transit,78
stop_5967,43.671948,-79.429712,transit,78
stop_15873,43.660471,-79.361655,transit,77
stop_2125,43.65951,-79.365882,transit,77
stop_2123,43.658961,-79.368357,transit,77
stop_2117,43.656583,-79.376993,transit,77
stop_5952,43.646988,-79.419915,transit,77
stop_5979,43.644501,-79.419048,transit,77
stop_11691,43.642702,-79.415587,transit,77
stop_13624,43.641451,-79.414528,transit,77
stop_14536,43.639439,-79.411078,transit,77
stop_5963,43.649724,-79.420791,transit,77
stop_5965,43.669929,-79.42888,transit,77
stop_5960,43.656601,-79.423646,transit,76
stop_5957,43.654463,-79.422802,transit,76
stop_5962,43.649438,-79.420865,transit,76
stop_13625,43.641543,-79.411854,transit,76
stop_5971,43.658263,-79.424266,transit,76
stop_15128,43.644848,-79.365374,transit,76
stop_5968,43.671906,-79.429892,transit,75
stop_13895,43.670395,-79.429239,transit,75
stop_5970,43.668114,-79.428289,transit,75
stop_5955,43.652123,-79.421898,transit,75
stop_6477,43.64439,-79.369148,transit,75
stop_1080,43.664667,-79.355383,transit,74
stop_1069,43.64617,-79.37883,transit,74
stop_5977,43.665987,-79.427402,transit,74
stop_5975,43.663872,-79.426518,transit,74
stop_7309,43.672155,-79.376648,transit,73
stop_14641,43.673452,-79.369136,transit,72
stop_14636,43.676887,-79.358245,transit,72
stop_16433,43.648372,-79.356591,transit,68
stop_16434,43.645244,-79.353854,transit,68
stop_16432,43.648354,-79.35633,transit,68
stop_15068,43.650094,-79.362006,transit,68
stop_246,43.645484,-79.378997,transit,67
stop_254,43.641735,-79.377377,transit,67
stop_1465,43.641548,-79.375474,transit,67
stop_15087,43.642357,-79.373211,transit,67
stop_15320,43.643988,-79.368495,transit,67
stop_15514,43.644968,-79.365675,transit,67
stop_262,43.641686,-79.377069,transit,67
stop_15151,43.643114,-79.377779,transit,67
stop_247,43.645849,-79.378935,transit,67
stop_15129,43.643833,-79.369494,transit,67
stop_1466,43.642619,-79.372942,transit,67
stop_1467,43.642166,-79.37421,transit,67
stop_16521,43.679709,-79.345236,transit,65
stop_6628,43.679055,-79.344994,transit,65
stop_16866,43.672019,-79.341927,transit,65
stop_2992,43.689497,-79.348949,transit,64
stop_2994,43.687582,-79.348221,transit,64
stop_3000,43.685846,-79.347563,transit,64
stop_6629,43.677622,-79.344439,transit,64
stop_6631,43.675223,-79.343439,transit,64
stop_6287,43.66513,-79.341846,transit,64
stop_6284,43.662884,-79.340914,transit,64
stop_6292,43.661324,-79.340284,transit,64
stop_5993,43.675007,-79.343202,transit,64
stop_2999,43.685674,-79.347319,transit,64
stop_2993,43.687418,-79.347965,transit,64
stop_2991,43.689301,-79.348704,transit,64
stop_2990,43.682431,-79.346265,transit,63
stop_15444,43.669636,-79.34346,transit,63
stop_11846,43.679891,-79.345139,transit,63
stop_3004,43.68208,-79.345945,transit,63
stop_6376,43.648887,-79.367679,transit,62
stop_4167,43.638819,-79.427487,transit,62
stop_2989,43.683787,-79.346784,transit,62
stop_6627,43.673043,-79.342537,transit,62
stop_6952,43.671147,-79.342275,transit,62
stop_15881,43.669815,-79.343771,transit,62
stop_6289,43.667707,-79.342879,transit,62
stop_4851,43.663313,-79.340911,transit,62
stop_4854,43.664707,-79.341479,transit,62
stop_4856,43.668143,-79.342863,transit,62
stop_5986,43.677287,-79.344119,transit,62
stop_5983,43.678778,-79.344739,transit,62
stop_15461,43.65284,-79.358092,transit,60
stop_1755,43.676051,-79.358601,transit,60
stop_3372,43.662248,-79.351175,transit,60
stop_15460,43.652513,-79.357841,transit,60
stop_3374,43.659107,-79.350021,transit,60
stop_15516,43.638676,-79.42715,transit,59
stop_14819,43.687713,-79.392394,transit,59
stop_15838,43.648966,-79.385738,transit,58
stop_14744,43.662251,-79.426749,transit,56
stop_13937,43.636968,-79.344351,transit,54
stop_830,43.655597,-79.41145,transit,52
stop_751,43.661721,-79.379621,transit,52
stop_1452,43.662048,-79.367169,transit,52
stop_1106,43.662508,-79.364115,transit,52
stop_1087,43.666207,-79.348755,transit,52
stop_12338,43.657485,-79.403078,transit,52
stop_9991,43.634831,-79.425646,transit,52
stop_6834,43.642115,-79.428787,transit,51
stop_6844,43.645898,-79.410006,transit,51
stop_842,43.652817,-79.429769,transit,51
stop_824,43.653509,-79.426497,transit,51
stop_839,43.654255,-79.42294,transit,51
stop_822,43.655048,-79.419148,transit,51
stop_832,43.654902,-79.415821,transit,51
stop_811,43.656336,-79.407836,transit,51
stop_816,43.656855,-79.405276,transit,51
stop_809,43.65724,-79.403252,transit,51
stop_843,43.657863,-79.400435,transit,51
stop_815,43.658547,-79.396368,transit,51
stop_837,43.659061,-79.393721,transit,51
stop_847,43.659697,-79.390773,transit,51
stop_828,43.660394,-79.387562,transit,51
stop_813,43.660672,-79.386165,transit,51
stop_848,43.661259,-79.383245,transit,51
stop_753,43.662306,-79.376843,transit,51
stop_757,43.664144,-79.36819,transit,51
stop_1109,43.663061,-79.361596,transit,51
stop_1104,43.663559,-79.359334,transit,51
stop_1081,43.665376,-79.352906,transit,51
stop_1096,43.666983,-79.345317,transit,51
stop_1083,43.667491,-79.342998,transit,51
stop_1100,43.668045,-79.340492,transit,51
stop_817,43.657064,-79.405017,transit,51
stop_812,43.65657,-79.407339,transit,51
stop_831,43.655822,-79.411298,transit,51
stop_833,43.654987,-79.415437,transit,51
stop_840,43.654475,-79.422554,transit,51
stop_825,43.653692,-79.426251,transit,51
stop_834,43.653051,-79.429269,transit,51
stop_844,43.658013,-79.399632,transit,51
stop_6112,43.689714,-79.386688,transit,51
stop_7503,43.688534,-79.389352,transit,51
stop_15510,43.652436,-79.358636,transit,50
stop_15246,43.65127,-79.357883,transit,50
stop_6604,43.650855,-79.359623,transit,50
stop_15348,43.642398,-79.427345,transit,50
stop_6854,43.645241,-79.413308,transit,50
stop_6829,43.64922,-79.393771,transit,50
stop_6841,43.649759,-79.391191,transit,50
stop_16716,43.649422,-79.384314,transit,50
stop_12314,43.653061,-79.375613,transit,50
stop_3068,43.656101,-79.361873,transit,50
stop_3073,43.656738,-79.359007,transit,50
stop_3061,43.655161,-79.366816,transit,50
stop_3071,43.654602,-79.369316,transit,50
stop_10892,43.651654,-79.379372,transit,50
stop_6859,43.65097,-79.386257,transit,50
stop_15340,43.65048,-79.388482,transit,50
stop_3088,43.648886,-79.396062,transit,50
stop_3080,43.648153,-79.399534,transit,50
stop_6855,43.645421,-79.413052,transit,50
stop_6851,43.64479,-79.416155,transit,50
stop_6832,43.643567,-79.422228,transit,50
stop_823,43.65523,-79.418874,transit,50
stop_1101,43.668233,-79.340247,transit,50
stop_1084,43.667717,-79.342605,transit,50
stop_1097,43.667162,-79.345079,transit,50
stop_1105,43.66382,-79.359047,transit,50
stop_1110,43.66327,-79.361269,transit,50
stop_1107,43.662685,-79.363903,transit,50
stop_1102,43.662071,-79.3667,transit,50
stop_1451,43.663906,-79.36772,transit,50
stop_756,43.663821,-79.370401,transit,50
stop_754,43.662511,-79.376575,transit,50
stop_752,43.661975,-79.37919,transit,50
stop_760,43.66144,-79.382912,transit,50
stop_814,43.66092,-79.385569,transit,50
stop_829,43.660618,-79.387271,transit,50
stop_841,43.659999,-79.390138,transit,50
stop_838,43.659317,-79.393278,transit,50
stop_845,43.658801,-79.395745,transit,50
stop_7504,43.688313,-79.389151,transit,50
stop_6111,43.689575,-79.386639,transit,50
stop_16891,43.662426,-79.376247,transit,50
stop_6831,43.643394,-79.422528,transit,49
stop_6846,43.64406,-79.418976,transit,49
stop_6856,43.646569,-79.406716,transit,49
stop_6827,43.647084,-79.40418,transit,49
stop_6826,43.647951,-79.399869,transit,49
stop_6853,43.648381,-79.397609,transit,49
stop_6858,43.650683,-79.386931,transit,49
stop_16578,43.650274,-79.378551,transit,49
stop_3050,43.653602,-79.373383,transit,49
stop_3070,43.654424,-79.369555,transit,49
stop_3060,43.654914,-79.367262,transit,49
stop_3064,43.655473,-79.364679,transit,49
stop_3066,43.657255,-79.356674,transit,49
stop_3067,43.657449,-79.356403,transit,49
stop_3074,43.656918,-79.358807,transit,49
stop_3069,43.656346,-79.361351,transit,49
stop_3065,43.655688,-79.364283,transit,49
stop_3051,43.653797,-79.373076,transit,49
stop_803,43.652637,-79.375624,transit,49
stop_13874,43.650603,-79.38422,transit,49
stop_3084,43.649947,-79.390954,transit,49
stop_3087,43.649465,-79.393288,transit,49
stop_3081,43.647313,-79.4037,transit,49
stop_6848,43.646763,-79.406434,transit,49
stop_6830,43.646157,-79.409404,transit,49
stop_6847,43.644283,-79.41869,transit,49
stop_6838,43.642608,-79.427,transit,49
stop_16849,43.642369,-79.42834,transit,49
stop_1086,43.66641,-79.348419,transit,49
stop_1082,43.665547,-79.352365,transit,49
stop_759,43.663289,-79.372902,transit,49
stop_107,43.686625,-79.419824,transit,49
stop_210,43.685088,-79.41918,transit,49
stop_204,43.683275,-79.418455,transit,49
stop_80,43.680169,-79.417216,transit,49
stop_180,43.679716,-79.416855,transit,49
stop_11925,43.677373,-79.358606,transit,48
stop_7518,43.677019,-79.416012,transit,48
stop_154,43.675365,-79.415346,transit,48
stop_129,43.673241,-79.414496,transit,48
stop_181,43.670382,-79.413366,transit,48
stop_92,43.668015,-79.412233,transit,48
stop_219,43.670003,-79.413019,transit,48
stop_128,43.67305,-79.41422,transit,48
stop_153,43.674989,-79.414992,transit,48
stop_117,43.676508,-79.415591,transit,48
stop_9951,43.682754,-79.41807,transit,48
stop_211,43.685297,-79.41907,transit,48
stop_168,43.68686,-79.419702,transit,48
stop_856,43.688406,-79.354928,transit,48
stop_859,43.688427,-79.353396,transit,48
stop_854,43.688912,-79.350945,transit,48
stop_861,43.689304,-79.34897,transit,48
stop_863,43.689979,-79.345478,transit,48
stop_862,43.689514,-79.34864,transit,48
stop_855,43.689059,-79.350949,transit,48
stop_860,43.68867,-79.352986,transit,48
stop_8628,43.666175,-79.378501,transit,48
stop_14745,43.662338,-79.426607,transit,48
stop_8632,43.668122,-79.370103,transit,48
stop_8631,43.667701,-79.372048,transit,48
stop_8637,43.667166,-79.374485,transit,48
stop_8629,43.666368,-79.378188,transit,48
stop_8627,43.665787,-79.380783,transit,48
stop_16033,43.665695,-79.354843,transit,46
stop_14494,43.683841,-79.364847,transit,46
stop_3371,43.676342,-79.359041,transit,46
stop_8410,43.688739,-79.428738,transit,46
stop_8414,43.687586,-79.423807,transit,46
stop_8417,43.685684,-79.422035,transit,46
stop_8416,43.684699,-79.421621,transit,46
stop_8420,43.682997,-79.420583,transit,46
stop_8421,43.683145,-79.420586,transit,46
stop_8415,43.684178,-79.421198,transit,46
stop_8418,43.685654,-79.421833,transit,46
stop_8413,43.68762,-79.423454,transit,46
stop_8411,43.688858,-79.428144,transit,46
stop_8626,43.66561,-79.381083,transit,46
stop_940,43.675511,-79.401938,transit,44
stop_962,43.689149,-79.340977,transit,44
stop_966,43.687704,-79.340387,transit,44
stop_965,43.687481,-79.340084,transit,44
stop_964,43.689286,-79.340814,transit,44
stop_16436,43.644957,-79.353119,transit,42
stop_16449,43.646167,-79.350318,transit,42
stop_15306,43.68768,-79.392714,transit,42
stop_16437,43.645226,-79.352883,transit,41
stop_4897,43.647564,-79.347057,transit,40
stop_16441,43.648702,-79.344429,transit,40
stop_4898,43.649521,-79.342383,transit,40
stop_16443,43.648791,-79.344715,transit,40
stop_6313,43.647582,-79.347458,transit,40
stop_16439,43.646821,-79.349272,transit,40
stop_334,43.674533,-79.399915,transit,40
stop_6639,43.652654,-79.363075,transit,40
stop_7378,43.685729,-79.377692,transit,40
stop_998,43.676176,-79.400835,transit,39
stop_5996,43.650273,-79.36228,transit,39
stop_13463,43.663713,-79.367639,transit,39
stop_6475,43.645428,-79.369676,transit,39
stop_6474,43.648078,-79.370754,transit,39
stop_270,43.647217,-79.379555,transit,38
stop_256,43.648532,-79.380116,transit,38
stop_10229,43.654616,-79.364127,transit,38
stop_6632,43.653617,-79.363704,transit,38
stop_6640,43.65278,-79.363342,transit,38
stop_9535,43.65167,-79.362867,transit,38
stop_6652,43.667919,-79.369546,transit,38
stop_6654,43.665936,-79.368736,transit,38
stop_6634,43.664361,-79.368101,transit,38
stop_6650,43.662405,-79.367314,transit,38
stop_6641,43.660975,-79.366731,transit,38
stop_6635,43.659597,-79.366164,transit,38
stop_6647,43.657021,-79.365124,transit,38
stop_6645,43.65445,-79.363856,transit,38
stop_6643,43.655432,-79.364271,transit,38
stop_6646,43.656843,-79.364855,transit,38
stop_15218,43.65935,-79.365861,transit,38
stop_6642,43.660599,-79.366381,transit,38
stop_6637,43.661708,-79.366812,transit,38
stop_7321,43.669792,-79.3759,transit,38
stop_7333,43.667257,-79.374835,transit,38
stop_7313,43.658477,-79.371168,transit,38
stop_7331,43.656418,-79.370296,transit,38
stop_7316,43.650224,-79.367695,transit,38
stop_7322,43.651097,-79.368116,transit,38
stop_7314,43.668965,-79.375374,transit,38
stop_776,43.664124,-79.418567,transit,37
stop_14777,43.667271,-79.403784,transit,37
stop_6644,43.655756,-79.364606,transit,37
stop_7308,43.672008,-79.376834,transit,37
stop_7306,43.665145,-79.373952,transit,37
stop_7311,43.663382,-79.373214,transit,37
stop_7319,43.661373,-79.372381,transit,37
stop_7328,43.654689,-79.369583,transit,37
stop_7310,43.66305,-79.372904,transit,37
stop_7307,43.665188,-79.373803,transit,37
stop_7332,43.666898,-79.374519,transit,37
stop_14750,43.67684,-79.388875,transit,37
stop_1460,43.661006,-79.390108,transit,36
stop_3247,43.648025,-79.377521,transit,36
stop_1671,43.647003,-79.377086,transit,36
stop_7326,43.674816,-79.377618,transit,36
stop_6537,43.674873,-79.375273,transit,36
stop_6400,43.67592,-79.375063,transit,36
stop_7335,43.677655,-79.374974,transit,36
stop_14371,43.645353,-79.365679,transit,36
stop_7305,43.652544,-79.368691,transit,36
stop_7327,43.654311,-79.36931,transit,36
stop_7330,43.656015,-79.369955,transit,36
stop_6401,43.676149,-79.37519,transit,35
stop_6373,43.675161,-79.377707,transit,35
stop_7329,43.652663,-79.368912,transit,35
stop_7323,43.651428,-79.368398,transit,35
stop_7317,43.650576,-79.368044,transit,35
stop_7315,43.649212,-79.367441,transit,35
stop_7312,43.658793,-79.371128,transit,35
stop_7318,43.661074,-79.372083,transit,35
stop_14784,43.668655,-79.398053,transit,34
stop_9053,43.688281,-79.394275,transit,34
stop_14818,43.687733,-79.392216,transit,33
stop_4733,43.687897,-79.393924,transit,33
stop_9002,43.689912,-79.394726,transit,33
stop_12343,43.661842,-79.426954,transit,29
stop_10302,43.662158,-79.429533,transit,29
stop_1183,43.679387,-79.340036,transit,29
stop_13945,43.639564,-79.34707,transit,28
stop_13933,43.642779,-79.350246,transit,28
stop_15511,43.650752,-79.357206,transit,27
stop_16193,43.65038,-79.361807,transit,27
stop_10769,43.662283,-79.429754,transit,26
stop_16435,43.645092,-79.354028,transit,26
stop_13934,43.642679,-79.350425,transit,26
stop_13936,43.639101,-79.346824,transit,26
stop_7803,43.661421,-79.409894,transit,26
stop_7804,43.662181,-79.406126,transit,26
stop_7817,43.662955,-79.402355,transit,26
stop_7819,43.663843,-79.398673,transit,26
stop_7851,43.664544,-79.395953,transit,26
stop_8633,43.663208,-79.391858,transit,26
stop_8635,43.663633,-79.390156,transit,26
stop_8625,43.664214,-79.387412,transit,26
stop_8639,43.664814,-79.384802,transit,26
stop_5766,43.683928,-79.356471,transit,25
stop_5767,43.684395,-79.354074,transit,25
stop_5788,43.684794,-79.352053,transit,25
stop_5775,43.68702,-79.342498,transit,25
stop_5799,43.686686,-79.344244,transit,25
stop_5791,43.68585,-79.347273,transit,25
stop_5770,43.685367,-79.349689,transit,25
stop_5789,43.684951,-79.351821,transit,25
stop_5768,43.684444,-79.3544,transit,25
stop_16790,43.66018,-79.415965,transit,25
stop_16791,43.660889,-79.412405,transit,25
stop_16039,43.651134,-79.364259,transit,24
stop_11914,43.651418,-79.362968,transit,24
stop_5769,43.685303,-79.34947,transit,24
stop_5790,43.685657,-79.347635,transit,24
stop_5798,43.686491,-79.344572,transit,24
stop_5774,43.686947,-79.342315,transit,24
stop_5776,43.687502,-79.340447,transit,24
stop_7815,43.658579,-79.4238,transit,24
stop_16829,43.659426,-79.419638,transit,24
stop_8038,43.665601,-79.393747,transit,24
stop_7850,43.664784,-79.395638,transit,24
stop_7849,43.664221,-79.398202,transit,24
stop_7818,43.663187,-79.401875,transit,24
stop_7805,43.662347,-79.405879,transit,24
stop_7802,43.661613,-79.409541,transit,24
stop_16792,43.661149,-79.412006,transit,24
stop_16793,43.660404,-79.415704,transit,24
stop_16828,43.659641,-79.419451,transit,24
stop_7814,43.65868,-79.42399,transit,24
stop_14797,43.665358,-79.383941,transit,24
stop_8640,43.665025,-79.384478,transit,24
stop_8624,43.664477,-79.386908,transit,24
stop_8634,43.663712,-79.390476,transit,24
stop_16263,43.666089,-79.353523,transit,23
stop_15509,43.647498,-79.37348,transit,23
stop_6375,43.648249,-79.370453,transit,23
stop_16038,43.649789,-79.366189,transit,23
stop_16024,43.653507,-79.353876,transit,23
stop_16026,43.657289,-79.356389,transit,23
stop_16028,43.661107,-79.358032,transit,23
stop_16030,43.663491,-79.359065,transit,23
stop_6603,43.650318,-79.36191,transit,23
stop_11164,43.650874,-79.36392,transit,23
stop_11166,43.649601,-79.365268,transit,23
stop_11167,43.649115,-79.367145,transit,23
stop_11169,43.648293,-79.370746,transit,23
stop_15583,43.647131,-79.37365,transit,23
stop_12425,43.645867,-79.37637,transit,23
stop_13455,43.646768,-79.376766,transit,23
stop_16034,43.66496,-79.355329,transit,23
stop_16031,43.663948,-79.358666,transit,23
stop_16029,43.660838,-79.358107,transit,23
stop_16027,43.656931,-79.356315,transit,23
stop_16025,43.653731,-79.353851,transit,23
stop_232,43.649997,-79.380909,transit,23
stop_16524,43.649243,-79.380617,transit,23
stop_926,43.674582,-79.396689,transit,23
stop_245,43.657387,-79.384516,transit,22
stop_242,43.655825,-79.383879,transit,22
stop_253,43.654565,-79.383369,transit,22
stop_234,43.653029,-79.38278,transit,22
stop_260,43.651901,-79.382172,transit,22
stop_930,43.674638,-79.392555,transit,22
stop_925,43.674697,-79.397061,transit,22
stop_929,43.674448,-79.399659,transit,22
stop_231,43.650085,-79.380752,transit,22
stop_261,43.651684,-79.381439,transit,22
stop_233,43.652891,-79.382492,transit,22
stop_252,43.654182,-79.383,transit,22
stop_243,43.65552,-79.383541,transit,22
stop_8190,43.681989,-79.423592,transit,21
stop_773,43.668608,-79.420307,transit,21
stop_778,43.670279,-79.420936,transit,21
stop_770,43.671498,-79.421389,transit,21
stop_775,43.673407,-79.422121,transit,21
stop_9369,43.675463,-79.422878,transit,21
stop_9370,43.678108,-79.424072,transit,21
stop_9371,43.67969,-79.424806,transit,21
stop_9372,43.681432,-79.425521,transit,21
stop_948,43.6747,-79.39311,transit,21
stop_16259,43.672256,-79.39068,transit,21
stop_244,43.657136,-79.384178,transit,21
stop_248,43.65878,-79.384865,transit,21
stop_238,43.660671,-79.385671,transit,21
stop_250,43.66238,-79.386209,transit,21
stop_16546,43.672193,-79.395636,transit,20
stop_48,43.668803,-79.394276,transit,20
stop_236,43.667981,-79.388876,transit,20
stop_265,43.665791,-79.387868,transit,20
stop_267,43.663965,-79.387105,transit,20
stop_251,43.662647,-79.386557,transit,20
stop_239,43.660921,-79.386005,transit,20
stop_249,43.6586,-79.38502,transit,20
stop_268,43.664253,-79.386996,transit,20
stop_10282,43.666056,-79.387739,transit,20
stop_266,43.670485,-79.389669,transit,20
stop_241,43.672664,-79.390611,transit,20
stop_16690,43.682868,-79.377655,transit,20
stop_6419,43.680986,-79.37404,transit,20
stop_7337,43.677706,-79.375855,transit,20
stop_6331,43.677942,-79.378216,transit,20
stop_6333,43.678222,-79.380131,transit,20
stop_6337,43.678533,-79.382497,transit,20
stop_6335,43.677806,-79.384925,transit,20
stop_6330,43.677528,-79.386115,transit,20
stop_6402,43.680771,-79.373857,transit,20
stop_6403,43.683024,-79.373018,transit,20
stop_6399,43.685279,-79.372548,transit,20
stop_6351,43.686892,-79.370973,transit,20
stop_7377,43.686558,-79.373787,transit,20
stop_774,43.6735,-79.422347,transit,19
stop_771,43.67175,-79.421688,transit,19
stop_14356,43.682752,-79.420698,transit,19
stop_8191,43.682308,-79.42311,transit,19
stop_9477,43.681289,-79.425661,transit,19
stop_9373,43.680087,-79.425172,transit,19
stop_9374,43.678341,-79.424458,transit,19
stop_9375,43.675754,-79.423265,transit,19
stop_13434,43.666475,-79.419496,transit,19
stop_955,43.674677,-79.428504,transit,19
stop_935,43.675485,-79.423207,transit,19
stop_7354,43.668881,-79.404621,transit,19
stop_7352,43.670357,-79.405188,transit,19
stop_7342,43.672078,-79.405882,transit,19
stop_7350,43.67473,-79.406924,transit,19
stop_7348,43.677147,-79.407959,transit,19
stop_1458,43.667095,-79.393602,transit,19
stop_1457,43.663704,-79.393497,transit,19
stop_235,43.670012,-79.389721,transit,19
stop_237,43.668073,-79.388671,transit,19
stop_4614,43.688713,-79.412799,transit,19
stop_4611,43.686854,-79.412167,transit,19
stop_4615,43.684783,-79.411333,transit,19
stop_14364,43.685077,-79.411256,transit,19
stop_4610,43.686674,-79.411904,transit,19
stop_4613,43.688574,-79.412538,transit,19
stop_7336,43.677609,-79.375709,transit,19
stop_779,43.669768,-79.420884,transit,18
stop_772,43.66813,-79.420263,transit,18
stop_769,43.666296,-79.419594,transit,18
stop_9419,43.676337,-79.419967,transit,18
stop_9376,43.677033,-79.409707,transit,18
stop_16751,43.675744,-79.422799,transit,18
stop_16059,43.674837,-79.428016,transit,18
stop_1021,43.6701,-79.429377,transit,18
stop_9382,43.676626,-79.415963,transit,17
stop_11884,43.676735,-79.411842,transit,17
stop_6479,43.676271,-79.410226,transit,17
stop_7956,43.675731,-79.407767,transit,17
stop_8122,43.675002,-79.407221,transit,17
stop_8117,43.671797,-79.405979,transit,17
stop_8125,43.670392,-79.405426,transit,17
stop_8127,43.66905,-79.404899,transit,17
stop_16572,43.676768,-79.416336,transit,17
stop_9420,43.676582,-79.419513,transit,17
stop_66,43.688803,-79.402468,transit,17
stop_71,43.686737,-79.401728,transit,17
stop_46,43.684367,-79.400662,transit,17
stop_64,43.682605,-79.399936,transit,17
stop_55,43.679675,-79.398753,transit,17
stop_62,43.677274,-79.397763,transit,17
stop_57,43.674804,-79.396742,transit,17
stop_1464,43.663459,-79.390475,transit,17
stop_1459,43.66527,-79.391226,transit,17
stop_1456,43.667603,-79.393512,transit,17
stop_47,43.669222,-79.394239,transit,17
stop_50,43.67262,-79.395613,transit,17
stop_58,43.674613,-79.396402,transit,17
stop_61,43.677107,-79.397418,transit,17
stop_56,43.679417,-79.39837,transit,17
stop_63,43.682897,-79.399784,transit,17
stop_1025,43.670463,-79.426696,transit,17
stop_1000,43.671515,-79.421673,transit,17
stop_1017,43.672099,-79.418732,transit,17
stop_1022,43.672509,-79.416844,transit,17
stop_996,43.673032,-79.414476,transit,17
stop_1027,43.674795,-79.406768,transit,17
stop_1012,43.675228,-79.404837,transit,17
stop_11881,43.675676,-79.402686,transit,17
stop_333,43.673121,-79.399388,transit,17
stop_336,43.670422,-79.398356,transit,17
stop_16874,43.670221,-79.398201,transit,17
stop_338,43.672925,-79.399151,transit,17
stop_927,43.67413,-79.399631,transit,17
stop_14341,43.673765,-79.411699,transit,17
stop_997,43.673237,-79.414218,transit,17
stop_1024,43.672342,-79.418331,transit,17
stop_1001,43.671704,-79.421375,transit,17
stop_1026,43.670665,-79.426478,transit,17
stop_14147,43.670351,-79.429628,transit,17
stop_6329,43.677499,-79.386639,transit,17
stop_6334,43.677739,-79.384541,transit,17
stop_6338,43.678317,-79.382775,transit,17
stop_6332,43.678128,-79.380209,transit,17
stop_6336,43.677489,-79.377782,transit,17
stop_8957,43.68595,-79.393304,transit,17
stop_45,43.684707,-79.400532,transit,16
stop_70,43.686954,-79.401452,transit,16
stop_65,43.688623,-79.402152,transit,16
stop_1011,43.673573,-79.411904,transit,16
stop_1014,43.674062,-79.409554,transit,16
stop_11710,43.676063,-79.400322,transit,16
stop_11711,43.675896,-79.402358,transit,16
stop_1013,43.675327,-79.405139,transit,16
stop_1028,43.674888,-79.407407,transit,16
stop_9063,43.684014,-79.392504,transit,16
stop_8953,43.682197,-79.391779,transit,16
stop_9027,43.679185,-79.390534,transit,16
stop_9037,43.676573,-79.389457,transit,16
stop_16000,43.675671,-79.389062,transit,16
stop_3220,43.672987,-79.387984,transit,16
stop_3214,43.670441,-79.386954,transit,16
stop_3217,43.668841,-79.386282,transit,16
stop_3233,43.666768,-79.385426,transit,16
stop_3246,43.665025,-79.3847,transit,16
stop_3229,43.663103,-79.383899,transit,16
stop_3218,43.661506,-79.38324,transit,16
stop_16833,43.658814,-79.382099,transit,16
stop_16260,43.65756,-79.381539,transit,16
stop_3222,43.656505,-79.381074,transit,16
stop_3237,43.654934,-79.380414,transit,16
stop_3244,43.654147,-79.380123,transit,16
stop_3239,43.65251,-79.379408,transit,16
stop_3241,43.651769,-79.379085,transit,16
stop_9016,43.649249,-79.378022,transit,16
stop_9043,43.68239,-79.391664,transit,16
stop_9062,43.683811,-79.392236,transit,16
stop_9040,43.686132,-79.393183,transit,16
stop_16388,43.649485,-79.378003,transit,16
stop_3240,43.651579,-79.378823,transit,16
stop_3238,43.652319,-79.379085,transit,16
stop_3243,43.653972,-79.37982,transit,16
stop_3221,43.656196,-79.380763,transit,16
stop_3228,43.657876,-79.381484,transit,16
stop_3226,43.658698,-79.381838,transit,16
stop_16094,43.661798,-79.383158,transit,16
stop_3209,43.662802,-79.383587,transit,16
stop_3245,43.664812,-79.38436,transit,16
stop_3227,43.666489,-79.385123,transit,16
stop_3216,43.668556,-79.385974,transit,16
stop_3213,43.670773,-79.38689,transit,16
stop_3242,43.672646,-79.387664,transit,16
stop_3211,43.675502,-79.388832,transit,16
stop_3219,43.676823,-79.38938,transit,16
stop_9042,43.679043,-79.390286,transit,16
